Copyright 1986-2022 Xilinx, Inc. All Rights Reserved. Copyright 2022-2025 Advanced Micro Devices, Inc. All Rights Reserved.
---------------------------------------------------------------------------------------------------------------------------------------------------------------------------------------------------------------------
| Tool Version : Vivado v.2025.2 (win64) Build 6299465 Fri Nov 14 19:35:11 GMT 2025
| Date         : Thu Apr 23 17:11:32 2026
| Host         : DESKTOP-LH20376 running 64-bit major release  (build 9200)
| Command      : report_timing_summary -max_paths 10 -routable_nets -report_unconstrained -file top_timing_summary_routed.rpt -pb top_timing_summary_routed.pb -rpx top_timing_summary_routed.rpx -warn_on_violation
| Design       : top
| Device       : 7a50ti-csg324
| Speed File   : -1L  PRODUCTION 1.23 2018-06-13
| Design State : Routed
---------------------------------------------------------------------------------------------------------------------------------------------------------------------------------------------------------------------

Timing Summary Report

------------------------------------------------------------------------------------------------
| Timer Settings
| --------------
------------------------------------------------------------------------------------------------

  Enable Multi Corner Analysis               :  Yes
  Enable Pessimism Removal                   :  Yes
  Pessimism Removal Resolution               :  Nearest Common Node
  Enable Input Delay Default Clock           :  No
  Enable Preset / Clear Arcs                 :  No
  Disable Flight Delays                      :  No
  Ignore I/O Paths                           :  No
  Timing Early Launch at Borrowing Latches   :  No
  Borrow Time for Max Delay Exceptions       :  Yes
  Merge Timing Exceptions                    :  Yes
  Inter-SLR Compensation                     :  Conservative

  Corner  Analyze    Analyze    
  Name    Max Paths  Min Paths  
  ------  ---------  ---------  
  Slow    Yes        Yes        
  Fast    Yes        Yes        


------------------------------------------------------------------------------------------------
| Report Methodology
| ------------------
------------------------------------------------------------------------------------------------

Rule       Severity  Description                                 Violations  
---------  --------  ------------------------------------------  ----------  
SYNTH-6    Warning   Timing of a RAM block might be sub-optimal  1           
TIMING-18  Warning   Missing input or output delay               21          

Note: This report is based on the most recent report_methodology run and may not be up-to-date. Run report_methodology on the current design for the latest report.



check_timing report

Table of Contents
-----------------
1. checking no_clock (0)
2. checking constant_clock (0)
3. checking pulse_width_clock (0)
4. checking unconstrained_internal_endpoints (0)
5. checking no_input_delay (5)
6. checking no_output_delay (16)
7. checking multiple_clock (0)
8. checking generated_clocks (0)
9. checking loops (0)
10. checking partial_input_delay (0)
11. checking partial_output_delay (0)
12. checking latch_loops (0)

1. checking no_clock (0)
------------------------
 There are 0 register/latch pins with no clock.


2. checking constant_clock (0)
------------------------------
 There are 0 register/latch pins with constant_clock.


3. checking pulse_width_clock (0)
---------------------------------
 There are 0 register/latch pins which need pulse_width check


4. checking unconstrained_internal_endpoints (0)
------------------------------------------------
 There are 0 pins that are not constrained for maximum delay.

 There are 0 pins that are not constrained for maximum delay due to constant clock.


5. checking no_input_delay (5)
------------------------------
 There are 5 input ports with no input delay specified. (HIGH)

 There are 0 input ports with no input delay but user has a false path constraint.


6. checking no_output_delay (16)
--------------------------------
 There are 16 ports with no output delay specified. (HIGH)

 There are 0 ports with no output delay but user has a false path constraint

 There are 0 ports with no output delay but with a timing clock defined on it or propagating through it


7. checking multiple_clock (0)
------------------------------
 There are 0 register/latch pins with multiple clocks.


8. checking generated_clocks (0)
--------------------------------
 There are 0 generated clocks that are not connected to a clock source.


9. checking loops (0)
---------------------
 There are 0 combinational loops in the design.


10. checking partial_input_delay (0)
------------------------------------
 There are 0 input ports with partial input delay specified.


11. checking partial_output_delay (0)
-------------------------------------
 There are 0 ports with partial output delay specified.


12. checking latch_loops (0)
----------------------------
 There are 0 combinational latch loops in the design through latch input



------------------------------------------------------------------------------------------------
| Design Timing Summary
| ---------------------
------------------------------------------------------------------------------------------------

    WNS(ns)      TNS(ns)  TNS Failing Endpoints  TNS Total Endpoints      WHS(ns)      THS(ns)  THS Failing Endpoints  THS Total Endpoints     WPWS(ns)     TPWS(ns)  TPWS Failing Endpoints  TPWS Total Endpoints  
    -------      -------  ---------------------  -------------------      -------      -------  ---------------------  -------------------     --------     --------  ----------------------  --------------------  
      0.686        0.000                      0                  638        0.121        0.000                      0                  638        4.500        0.000                       0                   330  


All user specified timing constraints are met.


------------------------------------------------------------------------------------------------
| Clock Summary
| -------------
------------------------------------------------------------------------------------------------

Clock        Waveform(ns)       Period(ns)      Frequency(MHz)
-----        ------------       ----------      --------------
sys_clk_pin  {0.000 5.000}      10.000          100.000         


------------------------------------------------------------------------------------------------
| Intra Clock Table
| -----------------
------------------------------------------------------------------------------------------------

Clock             WNS(ns)      TNS(ns)  TNS Failing Endpoints  TNS Total Endpoints      WHS(ns)      THS(ns)  THS Failing Endpoints  THS Total Endpoints     WPWS(ns)     TPWS(ns)  TPWS Failing Endpoints  TPWS Total Endpoints  
-----             -------      -------  ---------------------  -------------------      -------      -------  ---------------------  -------------------     --------     --------  ----------------------  --------------------  
sys_clk_pin         0.686        0.000                      0                  638        0.121        0.000                      0                  638        4.500        0.000                       0                   330  


------------------------------------------------------------------------------------------------
| Inter Clock Table
| -----------------
------------------------------------------------------------------------------------------------

From Clock    To Clock          WNS(ns)      TNS(ns)  TNS Failing Endpoints  TNS Total Endpoints      WHS(ns)      THS(ns)  THS Failing Endpoints  THS Total Endpoints  
----------    --------          -------      -------  ---------------------  -------------------      -------      -------  ---------------------  -------------------  


------------------------------------------------------------------------------------------------
| Other Path Groups Table
| -----------------------
------------------------------------------------------------------------------------------------

Path Group    From Clock    To Clock          WNS(ns)      TNS(ns)  TNS Failing Endpoints  TNS Total Endpoints      WHS(ns)      THS(ns)  THS Failing Endpoints  THS Total Endpoints  
----------    ----------    --------          -------      -------  ---------------------  -------------------      -------      -------  ---------------------  -------------------  


------------------------------------------------------------------------------------------------
| User Ignored Path Table
| -----------------------
------------------------------------------------------------------------------------------------

Path Group    From Clock    To Clock    
----------    ----------    --------    


------------------------------------------------------------------------------------------------
| Unconstrained Path Table
| ------------------------
------------------------------------------------------------------------------------------------

Path Group    From Clock    To Clock    
----------    ----------    --------    
(none)                                    
(none)        sys_clk_pin                 
(none)                      sys_clk_pin   


------------------------------------------------------------------------------------------------
| Timing Details
| --------------
------------------------------------------------------------------------------------------------


---------------------------------------------------------------------------------------------------
From Clock:  sys_clk_pin
  To Clock:  sys_clk_pin

Setup :            0  Failing Endpoints,  Worst Slack        0.686ns,  Total Violation        0.000ns
Hold  :            0  Failing Endpoints,  Worst Slack        0.121ns,  Total Violation        0.000ns
PW    :            0  Failing Endpoints,  Worst Slack        4.500ns,  Total Violation        0.000ns
---------------------------------------------------------------------------------------------------


Max Delay Paths
--------------------------------------------------------------------------------------
Slack (MET) :             0.686ns  (required time - arrival time)
  Source:                 PARAMETER_0/freq_raw_reg[14]/C
                            (rising edge-triggered cell FDRE clocked by sys_clk_pin  {rise@0.000ns fall@5.000ns period=10.000ns})
  Destination:            sig_pwm0_carry_i_18/ADDRARDADDR[11]
                            (rising edge-triggered cell RAMB18E1 clocked by sys_clk_pin  {rise@0.000ns fall@5.000ns period=10.000ns})
  Path Group:             sys_clk_pin
  Path Type:              Setup (Max at Slow Process Corner)
  Requirement:            10.000ns  (sys_clk_pin rise@10.000ns - sys_clk_pin rise@0.000ns)
  Data Path Delay:        8.717ns  (logic 5.054ns (57.981%)  route 3.663ns (42.019%))
  Logic Levels:           5  (DSP48E1=1 LUT2=2 LUT3=1 LUT6=1)
  Clock Path Skew:        0.004ns (DCD - SCD + CPR)
    Destination Clock Delay (DCD):    4.860ns = ( 14.860 - 10.000 ) 
    Source Clock Delay      (SCD):    5.115ns
    Clock Pessimism Removal (CPR):    0.259ns
  Clock Uncertainty:      0.035ns  ((TSJ^2 + TIJ^2)^1/2 + DJ) / 2 + PE
    Total System Jitter     (TSJ):    0.071ns
    Total Input Jitter      (TIJ):    0.000ns
    Discrete Jitter          (DJ):    0.000ns
    Phase Error              (PE):    0.000ns

    Location             Delay type                Incr(ns)  Path(ns)    Netlist Resource(s)
  -------------------------------------------------------------------    -------------------
                         (clock sys_clk_pin rise edge)
                                                      0.000     0.000 r  
    E3                                                0.000     0.000 r  clk (IN)
                         net (fo=0)                   0.000     0.000    clk
    E3                   IBUF (Prop_ibuf_I_O)         1.489     1.489 r  clk_IBUF_inst/O
                         net (fo=1, routed)           1.967     3.455    clk_IBUF
    BUFGCTRL_X0Y16       BUFG (Prop_bufg_I_O)         0.096     3.551 r  clk_IBUF_BUFG_inst/O
                         net (fo=330, routed)         1.563     5.115    PARAMETER_0/CLK
    SLICE_X12Y33         FDRE                                         r  PARAMETER_0/freq_raw_reg[14]/C
  -------------------------------------------------------------------    -------------------
    SLICE_X12Y33         FDRE (Prop_fdre_C_Q)         0.518     5.633 f  PARAMETER_0/freq_raw_reg[14]/Q
                         net (fo=3, routed)           0.817     6.449    PARAMETER_0/freq_raw_reg_n_0_[14]
    SLICE_X15Y32         LUT3 (Prop_lut3_I0_O)        0.124     6.573 f  PARAMETER_0/accumulator0_i_16/O
                         net (fo=1, routed)           0.520     7.094    PARAMETER_0/accumulator0_i_16_n_0
    SLICE_X14Y32         LUT6 (Prop_lut6_I1_O)        0.124     7.218 f  PARAMETER_0/accumulator0_i_15/O
                         net (fo=14, routed)          0.663     7.880    PARAMETER_0/accumulator0_i_15_n_0
    SLICE_X11Y31         LUT2 (Prop_lut2_I1_O)        0.120     8.000 r  PARAMETER_0/accumulator0_i_9/O
                         net (fo=1, routed)           0.381     8.381    FREQ_TO_PHASE0/A[5]
    DSP48_X0Y12          DSP48E1 (Prop_dsp48e1_A[5]_P[31])
                                                      4.044    12.425 r  FREQ_TO_PHASE0/accumulator0/P[31]
                         net (fo=3, routed)           0.645    13.070    FREQ_TO_PHASE0/accumulator0_n_74
    SLICE_X13Y33         LUT2 (Prop_lut2_I0_O)        0.124    13.194 r  FREQ_TO_PHASE0/sig_pwm0_carry_i_19/O
                         net (fo=1, routed)           0.638    13.832    FREQ_TO_PHASE0_n_12
    RAMB18_X0Y12         RAMB18E1                                     r  sig_pwm0_carry_i_18/ADDRARDADDR[11]
  -------------------------------------------------------------------    -------------------

                         (clock sys_clk_pin rise edge)
                                                     10.000    10.000 r  
    E3                                                0.000    10.000 r  clk (IN)
                         net (fo=0)                   0.000    10.000    clk
    E3                   IBUF (Prop_ibuf_I_O)         1.418    11.418 r  clk_IBUF_inst/O
                         net (fo=1, routed)           1.862    13.280    clk_IBUF
    BUFGCTRL_X0Y16       BUFG (Prop_bufg_I_O)         0.091    13.371 r  clk_IBUF_BUFG_inst/O
                         net (fo=330, routed)         1.489    14.860    clk_IBUF_BUFG
    RAMB18_X0Y12         RAMB18E1                                     r  sig_pwm0_carry_i_18/CLKARDCLK
                         clock pessimism              0.259    15.119    
                         clock uncertainty           -0.035    15.084    
    RAMB18_X0Y12         RAMB18E1 (Setup_ramb18e1_CLKARDCLK_ADDRARDADDR[11])
                                                     -0.566    14.518    sig_pwm0_carry_i_18
  -------------------------------------------------------------------
                         required time                         14.518    
                         arrival time                         -13.832    
  -------------------------------------------------------------------
                         slack                                  0.686    

Slack (MET) :             0.706ns  (required time - arrival time)
  Source:                 PARAMETER_0/freq_raw_reg[14]/C
                            (rising edge-triggered cell FDRE clocked by sys_clk_pin  {rise@0.000ns fall@5.000ns period=10.000ns})
  Destination:            sig_pwm0_carry_i_18/ADDRARDADDR[8]
                            (rising edge-triggered cell RAMB18E1 clocked by sys_clk_pin  {rise@0.000ns fall@5.000ns period=10.000ns})
  Path Group:             sys_clk_pin
  Path Type:              Setup (Max at Slow Process Corner)
  Requirement:            10.000ns  (sys_clk_pin rise@10.000ns - sys_clk_pin rise@0.000ns)
  Data Path Delay:        8.697ns  (logic 5.054ns (58.114%)  route 3.643ns (41.886%))
  Logic Levels:           5  (DSP48E1=1 LUT2=2 LUT3=1 LUT6=1)
  Clock Path Skew:        0.004ns (DCD - SCD + CPR)
    Destination Clock Delay (DCD):    4.860ns = ( 14.860 - 10.000 ) 
    Source Clock Delay      (SCD):    5.115ns
    Clock Pessimism Removal (CPR):    0.259ns
  Clock Uncertainty:      0.035ns  ((TSJ^2 + TIJ^2)^1/2 + DJ) / 2 + PE
    Total System Jitter     (TSJ):    0.071ns
    Total Input Jitter      (TIJ):    0.000ns
    Discrete Jitter          (DJ):    0.000ns
    Phase Error              (PE):    0.000ns

    Location             Delay type                Incr(ns)  Path(ns)    Netlist Resource(s)
  -------------------------------------------------------------------    -------------------
                         (clock sys_clk_pin rise edge)
                                                      0.000     0.000 r  
    E3                                                0.000     0.000 r  clk (IN)
                         net (fo=0)                   0.000     0.000    clk
    E3                   IBUF (Prop_ibuf_I_O)         1.489     1.489 r  clk_IBUF_inst/O
                         net (fo=1, routed)           1.967     3.455    clk_IBUF
    BUFGCTRL_X0Y16       BUFG (Prop_bufg_I_O)         0.096     3.551 r  clk_IBUF_BUFG_inst/O
                         net (fo=330, routed)         1.563     5.115    PARAMETER_0/CLK
    SLICE_X12Y33         FDRE                                         r  PARAMETER_0/freq_raw_reg[14]/C
  -------------------------------------------------------------------    -------------------
    SLICE_X12Y33         FDRE (Prop_fdre_C_Q)         0.518     5.633 f  PARAMETER_0/freq_raw_reg[14]/Q
                         net (fo=3, routed)           0.817     6.449    PARAMETER_0/freq_raw_reg_n_0_[14]
    SLICE_X15Y32         LUT3 (Prop_lut3_I0_O)        0.124     6.573 f  PARAMETER_0/accumulator0_i_16/O
                         net (fo=1, routed)           0.520     7.094    PARAMETER_0/accumulator0_i_16_n_0
    SLICE_X14Y32         LUT6 (Prop_lut6_I1_O)        0.124     7.218 f  PARAMETER_0/accumulator0_i_15/O
                         net (fo=14, routed)          0.663     7.880    PARAMETER_0/accumulator0_i_15_n_0
    SLICE_X11Y31         LUT2 (Prop_lut2_I1_O)        0.120     8.000 r  PARAMETER_0/accumulator0_i_9/O
                         net (fo=1, routed)           0.381     8.381    FREQ_TO_PHASE0/A[5]
    DSP48_X0Y12          DSP48E1 (Prop_dsp48e1_A[5]_P[28])
                                                      4.044    12.425 r  FREQ_TO_PHASE0/accumulator0/P[28]
                         net (fo=3, routed)           0.639    13.064    FREQ_TO_PHASE0/accumulator0_n_77
    SLICE_X13Y33         LUT2 (Prop_lut2_I0_O)        0.124    13.188 r  FREQ_TO_PHASE0/sig_pwm0_carry_i_22/O
                         net (fo=1, routed)           0.623    13.812    FREQ_TO_PHASE0_n_15
    RAMB18_X0Y12         RAMB18E1                                     r  sig_pwm0_carry_i_18/ADDRARDADDR[8]
  -------------------------------------------------------------------    -------------------

                         (clock sys_clk_pin rise edge)
                                                     10.000    10.000 r  
    E3                                                0.000    10.000 r  clk (IN)
                         net (fo=0)                   0.000    10.000    clk
    E3                   IBUF (Prop_ibuf_I_O)         1.418    11.418 r  clk_IBUF_inst/O
                         net (fo=1, routed)           1.862    13.280    clk_IBUF
    BUFGCTRL_X0Y16       BUFG (Prop_bufg_I_O)         0.091    13.371 r  clk_IBUF_BUFG_inst/O
                         net (fo=330, routed)         1.489    14.860    clk_IBUF_BUFG
    RAMB18_X0Y12         RAMB18E1                                     r  sig_pwm0_carry_i_18/CLKARDCLK
                         clock pessimism              0.259    15.119    
                         clock uncertainty           -0.035    15.084    
    RAMB18_X0Y12         RAMB18E1 (Setup_ramb18e1_CLKARDCLK_ADDRARDADDR[8])
                                                     -0.566    14.518    sig_pwm0_carry_i_18
  -------------------------------------------------------------------
                         required time                         14.518    
                         arrival time                         -13.812    
  -------------------------------------------------------------------
                         slack                                  0.706    

Slack (MET) :             0.740ns  (required time - arrival time)
  Source:                 PARAMETER_0/freq_raw_reg[14]/C
                            (rising edge-triggered cell FDRE clocked by sys_clk_pin  {rise@0.000ns fall@5.000ns period=10.000ns})
  Destination:            sig_pwm0_carry_i_18/ADDRARDADDR[4]
                            (rising edge-triggered cell RAMB18E1 clocked by sys_clk_pin  {rise@0.000ns fall@5.000ns period=10.000ns})
  Path Group:             sys_clk_pin
  Path Type:              Setup (Max at Slow Process Corner)
  Requirement:            10.000ns  (sys_clk_pin rise@10.000ns - sys_clk_pin rise@0.000ns)
  Data Path Delay:        8.663ns  (logic 5.054ns (58.341%)  route 3.609ns (41.659%))
  Logic Levels:           5  (DSP48E1=1 LUT2=2 LUT3=1 LUT6=1)
  Clock Path Skew:        0.004ns (DCD - SCD + CPR)
    Destination Clock Delay (DCD):    4.860ns = ( 14.860 - 10.000 ) 
    Source Clock Delay      (SCD):    5.115ns
    Clock Pessimism Removal (CPR):    0.259ns
  Clock Uncertainty:      0.035ns  ((TSJ^2 + TIJ^2)^1/2 + DJ) / 2 + PE
    Total System Jitter     (TSJ):    0.071ns
    Total Input Jitter      (TIJ):    0.000ns
    Discrete Jitter          (DJ):    0.000ns
    Phase Error              (PE):    0.000ns

    Location             Delay type                Incr(ns)  Path(ns)    Netlist Resource(s)
  -------------------------------------------------------------------    -------------------
                         (clock sys_clk_pin rise edge)
                                                      0.000     0.000 r  
    E3                                                0.000     0.000 r  clk (IN)
                         net (fo=0)                   0.000     0.000    clk
    E3                   IBUF (Prop_ibuf_I_O)         1.489     1.489 r  clk_IBUF_inst/O
                         net (fo=1, routed)           1.967     3.455    clk_IBUF
    BUFGCTRL_X0Y16       BUFG (Prop_bufg_I_O)         0.096     3.551 r  clk_IBUF_BUFG_inst/O
                         net (fo=330, routed)         1.563     5.115    PARAMETER_0/CLK
    SLICE_X12Y33         FDRE                                         r  PARAMETER_0/freq_raw_reg[14]/C
  -------------------------------------------------------------------    -------------------
    SLICE_X12Y33         FDRE (Prop_fdre_C_Q)         0.518     5.633 f  PARAMETER_0/freq_raw_reg[14]/Q
                         net (fo=3, routed)           0.817     6.449    PARAMETER_0/freq_raw_reg_n_0_[14]
    SLICE_X15Y32         LUT3 (Prop_lut3_I0_O)        0.124     6.573 f  PARAMETER_0/accumulator0_i_16/O
                         net (fo=1, routed)           0.520     7.094    PARAMETER_0/accumulator0_i_16_n_0
    SLICE_X14Y32         LUT6 (Prop_lut6_I1_O)        0.124     7.218 f  PARAMETER_0/accumulator0_i_15/O
                         net (fo=14, routed)          0.663     7.880    PARAMETER_0/accumulator0_i_15_n_0
    SLICE_X11Y31         LUT2 (Prop_lut2_I1_O)        0.120     8.000 r  PARAMETER_0/accumulator0_i_9/O
                         net (fo=1, routed)           0.381     8.381    FREQ_TO_PHASE0/A[5]
    DSP48_X0Y12          DSP48E1 (Prop_dsp48e1_A[5]_P[24])
                                                      4.044    12.425 r  FREQ_TO_PHASE0/accumulator0/P[24]
                         net (fo=3, routed)           0.628    13.054    FREQ_TO_PHASE0/accumulator0_n_81
    SLICE_X11Y32         LUT2 (Prop_lut2_I0_O)        0.124    13.178 r  FREQ_TO_PHASE0/sig_pwm0_carry_i_26/O
                         net (fo=1, routed)           0.600    13.778    FREQ_TO_PHASE0_n_19
    RAMB18_X0Y12         RAMB18E1                                     r  sig_pwm0_carry_i_18/ADDRARDADDR[4]
  -------------------------------------------------------------------    -------------------

                         (clock sys_clk_pin rise edge)
                                                     10.000    10.000 r  
    E3                                                0.000    10.000 r  clk (IN)
                         net (fo=0)                   0.000    10.000    clk
    E3                   IBUF (Prop_ibuf_I_O)         1.418    11.418 r  clk_IBUF_inst/O
                         net (fo=1, routed)           1.862    13.280    clk_IBUF
    BUFGCTRL_X0Y16       BUFG (Prop_bufg_I_O)         0.091    13.371 r  clk_IBUF_BUFG_inst/O
                         net (fo=330, routed)         1.489    14.860    clk_IBUF_BUFG
    RAMB18_X0Y12         RAMB18E1                                     r  sig_pwm0_carry_i_18/CLKARDCLK
                         clock pessimism              0.259    15.119    
                         clock uncertainty           -0.035    15.084    
    RAMB18_X0Y12         RAMB18E1 (Setup_ramb18e1_CLKARDCLK_ADDRARDADDR[4])
                                                     -0.566    14.518    sig_pwm0_carry_i_18
  -------------------------------------------------------------------
                         required time                         14.518    
                         arrival time                         -13.778    
  -------------------------------------------------------------------
                         slack                                  0.740    

Slack (MET) :             0.864ns  (required time - arrival time)
  Source:                 PARAMETER_0/freq_raw_reg[14]/C
                            (rising edge-triggered cell FDRE clocked by sys_clk_pin  {rise@0.000ns fall@5.000ns period=10.000ns})
  Destination:            sig_pwm0_carry_i_18/ADDRARDADDR[6]
                            (rising edge-triggered cell RAMB18E1 clocked by sys_clk_pin  {rise@0.000ns fall@5.000ns period=10.000ns})
  Path Group:             sys_clk_pin
  Path Type:              Setup (Max at Slow Process Corner)
  Requirement:            10.000ns  (sys_clk_pin rise@10.000ns - sys_clk_pin rise@0.000ns)
  Data Path Delay:        8.539ns  (logic 5.054ns (59.186%)  route 3.485ns (40.814%))
  Logic Levels:           5  (DSP48E1=1 LUT2=2 LUT3=1 LUT6=1)
  Clock Path Skew:        0.004ns (DCD - SCD + CPR)
    Destination Clock Delay (DCD):    4.860ns = ( 14.860 - 10.000 ) 
    Source Clock Delay      (SCD):    5.115ns
    Clock Pessimism Removal (CPR):    0.259ns
  Clock Uncertainty:      0.035ns  ((TSJ^2 + TIJ^2)^1/2 + DJ) / 2 + PE
    Total System Jitter     (TSJ):    0.071ns
    Total Input Jitter      (TIJ):    0.000ns
    Discrete Jitter          (DJ):    0.000ns
    Phase Error              (PE):    0.000ns

    Location             Delay type                Incr(ns)  Path(ns)    Netlist Resource(s)
  -------------------------------------------------------------------    -------------------
                         (clock sys_clk_pin rise edge)
                                                      0.000     0.000 r  
    E3                                                0.000     0.000 r  clk (IN)
                         net (fo=0)                   0.000     0.000    clk
    E3                   IBUF (Prop_ibuf_I_O)         1.489     1.489 r  clk_IBUF_inst/O
                         net (fo=1, routed)           1.967     3.455    clk_IBUF
    BUFGCTRL_X0Y16       BUFG (Prop_bufg_I_O)         0.096     3.551 r  clk_IBUF_BUFG_inst/O
                         net (fo=330, routed)         1.563     5.115    PARAMETER_0/CLK
    SLICE_X12Y33         FDRE                                         r  PARAMETER_0/freq_raw_reg[14]/C
  -------------------------------------------------------------------    -------------------
    SLICE_X12Y33         FDRE (Prop_fdre_C_Q)         0.518     5.633 f  PARAMETER_0/freq_raw_reg[14]/Q
                         net (fo=3, routed)           0.817     6.449    PARAMETER_0/freq_raw_reg_n_0_[14]
    SLICE_X15Y32         LUT3 (Prop_lut3_I0_O)        0.124     6.573 f  PARAMETER_0/accumulator0_i_16/O
                         net (fo=1, routed)           0.520     7.094    PARAMETER_0/accumulator0_i_16_n_0
    SLICE_X14Y32         LUT6 (Prop_lut6_I1_O)        0.124     7.218 f  PARAMETER_0/accumulator0_i_15/O
                         net (fo=14, routed)          0.663     7.880    PARAMETER_0/accumulator0_i_15_n_0
    SLICE_X11Y31         LUT2 (Prop_lut2_I1_O)        0.120     8.000 r  PARAMETER_0/accumulator0_i_9/O
                         net (fo=1, routed)           0.381     8.381    FREQ_TO_PHASE0/A[5]
    DSP48_X0Y12          DSP48E1 (Prop_dsp48e1_A[5]_P[26])
                                                      4.044    12.425 r  FREQ_TO_PHASE0/accumulator0/P[26]
                         net (fo=3, routed)           0.505    12.930    FREQ_TO_PHASE0/accumulator0_n_79
    SLICE_X11Y31         LUT2 (Prop_lut2_I0_O)        0.124    13.054 r  FREQ_TO_PHASE0/sig_pwm0_carry_i_24/O
                         net (fo=1, routed)           0.600    13.654    FREQ_TO_PHASE0_n_17
    RAMB18_X0Y12         RAMB18E1                                     r  sig_pwm0_carry_i_18/ADDRARDADDR[6]
  -------------------------------------------------------------------    -------------------

                         (clock sys_clk_pin rise edge)
                                                     10.000    10.000 r  
    E3                                                0.000    10.000 r  clk (IN)
                         net (fo=0)                   0.000    10.000    clk
    E3                   IBUF (Prop_ibuf_I_O)         1.418    11.418 r  clk_IBUF_inst/O
                         net (fo=1, routed)           1.862    13.280    clk_IBUF
    BUFGCTRL_X0Y16       BUFG (Prop_bufg_I_O)         0.091    13.371 r  clk_IBUF_BUFG_inst/O
                         net (fo=330, routed)         1.489    14.860    clk_IBUF_BUFG
    RAMB18_X0Y12         RAMB18E1                                     r  sig_pwm0_carry_i_18/CLKARDCLK
                         clock pessimism              0.259    15.119    
                         clock uncertainty           -0.035    15.084    
    RAMB18_X0Y12         RAMB18E1 (Setup_ramb18e1_CLKARDCLK_ADDRARDADDR[6])
                                                     -0.566    14.518    sig_pwm0_carry_i_18
  -------------------------------------------------------------------
                         required time                         14.518    
                         arrival time                         -13.654    
  -------------------------------------------------------------------
                         slack                                  0.864    

Slack (MET) :             0.869ns  (required time - arrival time)
  Source:                 PARAMETER_0/freq_raw_reg[14]/C
                            (rising edge-triggered cell FDRE clocked by sys_clk_pin  {rise@0.000ns fall@5.000ns period=10.000ns})
  Destination:            sig_pwm0_carry_i_18/ADDRARDADDR[5]
                            (rising edge-triggered cell RAMB18E1 clocked by sys_clk_pin  {rise@0.000ns fall@5.000ns period=10.000ns})
  Path Group:             sys_clk_pin
  Path Type:              Setup (Max at Slow Process Corner)
  Requirement:            10.000ns  (sys_clk_pin rise@10.000ns - sys_clk_pin rise@0.000ns)
  Data Path Delay:        8.534ns  (logic 5.054ns (59.220%)  route 3.480ns (40.780%))
  Logic Levels:           5  (DSP48E1=1 LUT2=2 LUT3=1 LUT6=1)
  Clock Path Skew:        0.004ns (DCD - SCD + CPR)
    Destination Clock Delay (DCD):    4.860ns = ( 14.860 - 10.000 ) 
    Source Clock Delay      (SCD):    5.115ns
    Clock Pessimism Removal (CPR):    0.259ns
  Clock Uncertainty:      0.035ns  ((TSJ^2 + TIJ^2)^1/2 + DJ) / 2 + PE
    Total System Jitter     (TSJ):    0.071ns
    Total Input Jitter      (TIJ):    0.000ns
    Discrete Jitter          (DJ):    0.000ns
    Phase Error              (PE):    0.000ns

    Location             Delay type                Incr(ns)  Path(ns)    Netlist Resource(s)
  -------------------------------------------------------------------    -------------------
                         (clock sys_clk_pin rise edge)
                                                      0.000     0.000 r  
    E3                                                0.000     0.000 r  clk (IN)
                         net (fo=0)                   0.000     0.000    clk
    E3                   IBUF (Prop_ibuf_I_O)         1.489     1.489 r  clk_IBUF_inst/O
                         net (fo=1, routed)           1.967     3.455    clk_IBUF
    BUFGCTRL_X0Y16       BUFG (Prop_bufg_I_O)         0.096     3.551 r  clk_IBUF_BUFG_inst/O
                         net (fo=330, routed)         1.563     5.115    PARAMETER_0/CLK
    SLICE_X12Y33         FDRE                                         r  PARAMETER_0/freq_raw_reg[14]/C
  -------------------------------------------------------------------    -------------------
    SLICE_X12Y33         FDRE (Prop_fdre_C_Q)         0.518     5.633 f  PARAMETER_0/freq_raw_reg[14]/Q
                         net (fo=3, routed)           0.817     6.449    PARAMETER_0/freq_raw_reg_n_0_[14]
    SLICE_X15Y32         LUT3 (Prop_lut3_I0_O)        0.124     6.573 f  PARAMETER_0/accumulator0_i_16/O
                         net (fo=1, routed)           0.520     7.094    PARAMETER_0/accumulator0_i_16_n_0
    SLICE_X14Y32         LUT6 (Prop_lut6_I1_O)        0.124     7.218 f  PARAMETER_0/accumulator0_i_15/O
                         net (fo=14, routed)          0.663     7.880    PARAMETER_0/accumulator0_i_15_n_0
    SLICE_X11Y31         LUT2 (Prop_lut2_I1_O)        0.120     8.000 r  PARAMETER_0/accumulator0_i_9/O
                         net (fo=1, routed)           0.381     8.381    FREQ_TO_PHASE0/A[5]
    DSP48_X0Y12          DSP48E1 (Prop_dsp48e1_A[5]_P[25])
                                                      4.044    12.425 r  FREQ_TO_PHASE0/accumulator0/P[25]
                         net (fo=3, routed)           0.505    12.930    FREQ_TO_PHASE0/accumulator0_n_80
    SLICE_X11Y31         LUT2 (Prop_lut2_I0_O)        0.124    13.054 r  FREQ_TO_PHASE0/sig_pwm0_carry_i_25/O
                         net (fo=1, routed)           0.595    13.649    FREQ_TO_PHASE0_n_18
    RAMB18_X0Y12         RAMB18E1                                     r  sig_pwm0_carry_i_18/ADDRARDADDR[5]
  -------------------------------------------------------------------    -------------------

                         (clock sys_clk_pin rise edge)
                                                     10.000    10.000 r  
    E3                                                0.000    10.000 r  clk (IN)
                         net (fo=0)                   0.000    10.000    clk
    E3                   IBUF (Prop_ibuf_I_O)         1.418    11.418 r  clk_IBUF_inst/O
                         net (fo=1, routed)           1.862    13.280    clk_IBUF
    BUFGCTRL_X0Y16       BUFG (Prop_bufg_I_O)         0.091    13.371 r  clk_IBUF_BUFG_inst/O
                         net (fo=330, routed)         1.489    14.860    clk_IBUF_BUFG
    RAMB18_X0Y12         RAMB18E1                                     r  sig_pwm0_carry_i_18/CLKARDCLK
                         clock pessimism              0.259    15.119    
                         clock uncertainty           -0.035    15.084    
    RAMB18_X0Y12         RAMB18E1 (Setup_ramb18e1_CLKARDCLK_ADDRARDADDR[5])
                                                     -0.566    14.518    sig_pwm0_carry_i_18
  -------------------------------------------------------------------
                         required time                         14.518    
                         arrival time                         -13.649    
  -------------------------------------------------------------------
                         slack                                  0.869    

Slack (MET) :             0.879ns  (required time - arrival time)
  Source:                 PARAMETER_0/freq_raw_reg[14]/C
                            (rising edge-triggered cell FDRE clocked by sys_clk_pin  {rise@0.000ns fall@5.000ns period=10.000ns})
  Destination:            sig_pwm0_carry_i_18/ADDRARDADDR[10]
                            (rising edge-triggered cell RAMB18E1 clocked by sys_clk_pin  {rise@0.000ns fall@5.000ns period=10.000ns})
  Path Group:             sys_clk_pin
  Path Type:              Setup (Max at Slow Process Corner)
  Requirement:            10.000ns  (sys_clk_pin rise@10.000ns - sys_clk_pin rise@0.000ns)
  Data Path Delay:        8.524ns  (logic 5.054ns (59.291%)  route 3.470ns (40.709%))
  Logic Levels:           5  (DSP48E1=1 LUT2=2 LUT3=1 LUT6=1)
  Clock Path Skew:        0.004ns (DCD - SCD + CPR)
    Destination Clock Delay (DCD):    4.860ns = ( 14.860 - 10.000 ) 
    Source Clock Delay      (SCD):    5.115ns
    Clock Pessimism Removal (CPR):    0.259ns
  Clock Uncertainty:      0.035ns  ((TSJ^2 + TIJ^2)^1/2 + DJ) / 2 + PE
    Total System Jitter     (TSJ):    0.071ns
    Total Input Jitter      (TIJ):    0.000ns
    Discrete Jitter          (DJ):    0.000ns
    Phase Error              (PE):    0.000ns

    Location             Delay type                Incr(ns)  Path(ns)    Netlist Resource(s)
  -------------------------------------------------------------------    -------------------
                         (clock sys_clk_pin rise edge)
                                                      0.000     0.000 r  
    E3                                                0.000     0.000 r  clk (IN)
                         net (fo=0)                   0.000     0.000    clk
    E3                   IBUF (Prop_ibuf_I_O)         1.489     1.489 r  clk_IBUF_inst/O
                         net (fo=1, routed)           1.967     3.455    clk_IBUF
    BUFGCTRL_X0Y16       BUFG (Prop_bufg_I_O)         0.096     3.551 r  clk_IBUF_BUFG_inst/O
                         net (fo=330, routed)         1.563     5.115    PARAMETER_0/CLK
    SLICE_X12Y33         FDRE                                         r  PARAMETER_0/freq_raw_reg[14]/C
  -------------------------------------------------------------------    -------------------
    SLICE_X12Y33         FDRE (Prop_fdre_C_Q)         0.518     5.633 f  PARAMETER_0/freq_raw_reg[14]/Q
                         net (fo=3, routed)           0.817     6.449    PARAMETER_0/freq_raw_reg_n_0_[14]
    SLICE_X15Y32         LUT3 (Prop_lut3_I0_O)        0.124     6.573 f  PARAMETER_0/accumulator0_i_16/O
                         net (fo=1, routed)           0.520     7.094    PARAMETER_0/accumulator0_i_16_n_0
    SLICE_X14Y32         LUT6 (Prop_lut6_I1_O)        0.124     7.218 f  PARAMETER_0/accumulator0_i_15/O
                         net (fo=14, routed)          0.663     7.880    PARAMETER_0/accumulator0_i_15_n_0
    SLICE_X11Y31         LUT2 (Prop_lut2_I1_O)        0.120     8.000 r  PARAMETER_0/accumulator0_i_9/O
                         net (fo=1, routed)           0.381     8.381    FREQ_TO_PHASE0/A[5]
    DSP48_X0Y12          DSP48E1 (Prop_dsp48e1_A[5]_P[30])
                                                      4.044    12.425 r  FREQ_TO_PHASE0/accumulator0/P[30]
                         net (fo=3, routed)           0.497    12.922    FREQ_TO_PHASE0/accumulator0_n_75
    SLICE_X11Y32         LUT2 (Prop_lut2_I0_O)        0.124    13.046 r  FREQ_TO_PHASE0/sig_pwm0_carry_i_20/O
                         net (fo=1, routed)           0.593    13.639    FREQ_TO_PHASE0_n_13
    RAMB18_X0Y12         RAMB18E1                                     r  sig_pwm0_carry_i_18/ADDRARDADDR[10]
  -------------------------------------------------------------------    -------------------

                         (clock sys_clk_pin rise edge)
                                                     10.000    10.000 r  
    E3                                                0.000    10.000 r  clk (IN)
                         net (fo=0)                   0.000    10.000    clk
    E3                   IBUF (Prop_ibuf_I_O)         1.418    11.418 r  clk_IBUF_inst/O
                         net (fo=1, routed)           1.862    13.280    clk_IBUF
    BUFGCTRL_X0Y16       BUFG (Prop_bufg_I_O)         0.091    13.371 r  clk_IBUF_BUFG_inst/O
                         net (fo=330, routed)         1.489    14.860    clk_IBUF_BUFG
    RAMB18_X0Y12         RAMB18E1                                     r  sig_pwm0_carry_i_18/CLKARDCLK
                         clock pessimism              0.259    15.119    
                         clock uncertainty           -0.035    15.084    
    RAMB18_X0Y12         RAMB18E1 (Setup_ramb18e1_CLKARDCLK_ADDRARDADDR[10])
                                                     -0.566    14.518    sig_pwm0_carry_i_18
  -------------------------------------------------------------------
                         required time                         14.518    
                         arrival time                         -13.639    
  -------------------------------------------------------------------
                         slack                                  0.879    

Slack (MET) :             0.899ns  (required time - arrival time)
  Source:                 PARAMETER_0/freq_raw_reg[14]/C
                            (rising edge-triggered cell FDRE clocked by sys_clk_pin  {rise@0.000ns fall@5.000ns period=10.000ns})
  Destination:            sig_pwm0_carry_i_18/ADDRARDADDR[7]
                            (rising edge-triggered cell RAMB18E1 clocked by sys_clk_pin  {rise@0.000ns fall@5.000ns period=10.000ns})
  Path Group:             sys_clk_pin
  Path Type:              Setup (Max at Slow Process Corner)
  Requirement:            10.000ns  (sys_clk_pin rise@10.000ns - sys_clk_pin rise@0.000ns)
  Data Path Delay:        8.504ns  (logic 5.054ns (59.432%)  route 3.450ns (40.568%))
  Logic Levels:           5  (DSP48E1=1 LUT2=2 LUT3=1 LUT6=1)
  Clock Path Skew:        0.004ns (DCD - SCD + CPR)
    Destination Clock Delay (DCD):    4.860ns = ( 14.860 - 10.000 ) 
    Source Clock Delay      (SCD):    5.115ns
    Clock Pessimism Removal (CPR):    0.259ns
  Clock Uncertainty:      0.035ns  ((TSJ^2 + TIJ^2)^1/2 + DJ) / 2 + PE
    Total System Jitter     (TSJ):    0.071ns
    Total Input Jitter      (TIJ):    0.000ns
    Discrete Jitter          (DJ):    0.000ns
    Phase Error              (PE):    0.000ns

    Location             Delay type                Incr(ns)  Path(ns)    Netlist Resource(s)
  -------------------------------------------------------------------    -------------------
                         (clock sys_clk_pin rise edge)
                                                      0.000     0.000 r  
    E3                                                0.000     0.000 r  clk (IN)
                         net (fo=0)                   0.000     0.000    clk
    E3                   IBUF (Prop_ibuf_I_O)         1.489     1.489 r  clk_IBUF_inst/O
                         net (fo=1, routed)           1.967     3.455    clk_IBUF
    BUFGCTRL_X0Y16       BUFG (Prop_bufg_I_O)         0.096     3.551 r  clk_IBUF_BUFG_inst/O
                         net (fo=330, routed)         1.563     5.115    PARAMETER_0/CLK
    SLICE_X12Y33         FDRE                                         r  PARAMETER_0/freq_raw_reg[14]/C
  -------------------------------------------------------------------    -------------------
    SLICE_X12Y33         FDRE (Prop_fdre_C_Q)         0.518     5.633 f  PARAMETER_0/freq_raw_reg[14]/Q
                         net (fo=3, routed)           0.817     6.449    PARAMETER_0/freq_raw_reg_n_0_[14]
    SLICE_X15Y32         LUT3 (Prop_lut3_I0_O)        0.124     6.573 f  PARAMETER_0/accumulator0_i_16/O
                         net (fo=1, routed)           0.520     7.094    PARAMETER_0/accumulator0_i_16_n_0
    SLICE_X14Y32         LUT6 (Prop_lut6_I1_O)        0.124     7.218 f  PARAMETER_0/accumulator0_i_15/O
                         net (fo=14, routed)          0.663     7.880    PARAMETER_0/accumulator0_i_15_n_0
    SLICE_X11Y31         LUT2 (Prop_lut2_I1_O)        0.120     8.000 r  PARAMETER_0/accumulator0_i_9/O
                         net (fo=1, routed)           0.381     8.381    FREQ_TO_PHASE0/A[5]
    DSP48_X0Y12          DSP48E1 (Prop_dsp48e1_A[5]_P[27])
                                                      4.044    12.425 r  FREQ_TO_PHASE0/accumulator0/P[27]
                         net (fo=3, routed)           0.615    13.040    FREQ_TO_PHASE0/accumulator0_n_78
    SLICE_X11Y31         LUT2 (Prop_lut2_I0_O)        0.124    13.164 r  FREQ_TO_PHASE0/sig_pwm0_carry_i_23/O
                         net (fo=1, routed)           0.454    13.619    FREQ_TO_PHASE0_n_16
    RAMB18_X0Y12         RAMB18E1                                     r  sig_pwm0_carry_i_18/ADDRARDADDR[7]
  -------------------------------------------------------------------    -------------------

                         (clock sys_clk_pin rise edge)
                                                     10.000    10.000 r  
    E3                                                0.000    10.000 r  clk (IN)
                         net (fo=0)                   0.000    10.000    clk
    E3                   IBUF (Prop_ibuf_I_O)         1.418    11.418 r  clk_IBUF_inst/O
                         net (fo=1, routed)           1.862    13.280    clk_IBUF
    BUFGCTRL_X0Y16       BUFG (Prop_bufg_I_O)         0.091    13.371 r  clk_IBUF_BUFG_inst/O
                         net (fo=330, routed)         1.489    14.860    clk_IBUF_BUFG
    RAMB18_X0Y12         RAMB18E1                                     r  sig_pwm0_carry_i_18/CLKARDCLK
                         clock pessimism              0.259    15.119    
                         clock uncertainty           -0.035    15.084    
    RAMB18_X0Y12         RAMB18E1 (Setup_ramb18e1_CLKARDCLK_ADDRARDADDR[7])
                                                     -0.566    14.518    sig_pwm0_carry_i_18
  -------------------------------------------------------------------
                         required time                         14.518    
                         arrival time                         -13.619    
  -------------------------------------------------------------------
                         slack                                  0.899    

Slack (MET) :             1.014ns  (required time - arrival time)
  Source:                 PARAMETER_0/freq_raw_reg[14]/C
                            (rising edge-triggered cell FDRE clocked by sys_clk_pin  {rise@0.000ns fall@5.000ns period=10.000ns})
  Destination:            sig_pwm0_carry_i_18/ADDRARDADDR[9]
                            (rising edge-triggered cell RAMB18E1 clocked by sys_clk_pin  {rise@0.000ns fall@5.000ns period=10.000ns})
  Path Group:             sys_clk_pin
  Path Type:              Setup (Max at Slow Process Corner)
  Requirement:            10.000ns  (sys_clk_pin rise@10.000ns - sys_clk_pin rise@0.000ns)
  Data Path Delay:        8.389ns  (logic 5.054ns (60.247%)  route 3.335ns (39.753%))
  Logic Levels:           5  (DSP48E1=1 LUT2=2 LUT3=1 LUT6=1)
  Clock Path Skew:        0.004ns (DCD - SCD + CPR)
    Destination Clock Delay (DCD):    4.860ns = ( 14.860 - 10.000 ) 
    Source Clock Delay      (SCD):    5.115ns
    Clock Pessimism Removal (CPR):    0.259ns
  Clock Uncertainty:      0.035ns  ((TSJ^2 + TIJ^2)^1/2 + DJ) / 2 + PE
    Total System Jitter     (TSJ):    0.071ns
    Total Input Jitter      (TIJ):    0.000ns
    Discrete Jitter          (DJ):    0.000ns
    Phase Error              (PE):    0.000ns

    Location             Delay type                Incr(ns)  Path(ns)    Netlist Resource(s)
  -------------------------------------------------------------------    -------------------
                         (clock sys_clk_pin rise edge)
                                                      0.000     0.000 r  
    E3                                                0.000     0.000 r  clk (IN)
                         net (fo=0)                   0.000     0.000    clk
    E3                   IBUF (Prop_ibuf_I_O)         1.489     1.489 r  clk_IBUF_inst/O
                         net (fo=1, routed)           1.967     3.455    clk_IBUF
    BUFGCTRL_X0Y16       BUFG (Prop_bufg_I_O)         0.096     3.551 r  clk_IBUF_BUFG_inst/O
                         net (fo=330, routed)         1.563     5.115    PARAMETER_0/CLK
    SLICE_X12Y33         FDRE                                         r  PARAMETER_0/freq_raw_reg[14]/C
  -------------------------------------------------------------------    -------------------
    SLICE_X12Y33         FDRE (Prop_fdre_C_Q)         0.518     5.633 f  PARAMETER_0/freq_raw_reg[14]/Q
                         net (fo=3, routed)           0.817     6.449    PARAMETER_0/freq_raw_reg_n_0_[14]
    SLICE_X15Y32         LUT3 (Prop_lut3_I0_O)        0.124     6.573 f  PARAMETER_0/accumulator0_i_16/O
                         net (fo=1, routed)           0.520     7.094    PARAMETER_0/accumulator0_i_16_n_0
    SLICE_X14Y32         LUT6 (Prop_lut6_I1_O)        0.124     7.218 f  PARAMETER_0/accumulator0_i_15/O
                         net (fo=14, routed)          0.663     7.880    PARAMETER_0/accumulator0_i_15_n_0
    SLICE_X11Y31         LUT2 (Prop_lut2_I1_O)        0.120     8.000 r  PARAMETER_0/accumulator0_i_9/O
                         net (fo=1, routed)           0.381     8.381    FREQ_TO_PHASE0/A[5]
    DSP48_X0Y12          DSP48E1 (Prop_dsp48e1_A[5]_P[29])
                                                      4.044    12.425 r  FREQ_TO_PHASE0/accumulator0/P[29]
                         net (fo=3, routed)           0.500    12.925    FREQ_TO_PHASE0/accumulator0_n_76
    SLICE_X11Y32         LUT2 (Prop_lut2_I0_O)        0.124    13.049 r  FREQ_TO_PHASE0/sig_pwm0_carry_i_21/O
                         net (fo=1, routed)           0.454    13.504    FREQ_TO_PHASE0_n_14
    RAMB18_X0Y12         RAMB18E1                                     r  sig_pwm0_carry_i_18/ADDRARDADDR[9]
  -------------------------------------------------------------------    -------------------

                         (clock sys_clk_pin rise edge)
                                                     10.000    10.000 r  
    E3                                                0.000    10.000 r  clk (IN)
                         net (fo=0)                   0.000    10.000    clk
    E3                   IBUF (Prop_ibuf_I_O)         1.418    11.418 r  clk_IBUF_inst/O
                         net (fo=1, routed)           1.862    13.280    clk_IBUF
    BUFGCTRL_X0Y16       BUFG (Prop_bufg_I_O)         0.091    13.371 r  clk_IBUF_BUFG_inst/O
                         net (fo=330, routed)         1.489    14.860    clk_IBUF_BUFG
    RAMB18_X0Y12         RAMB18E1                                     r  sig_pwm0_carry_i_18/CLKARDCLK
                         clock pessimism              0.259    15.119    
                         clock uncertainty           -0.035    15.084    
    RAMB18_X0Y12         RAMB18E1 (Setup_ramb18e1_CLKARDCLK_ADDRARDADDR[9])
                                                     -0.566    14.518    sig_pwm0_carry_i_18
  -------------------------------------------------------------------
                         required time                         14.518    
                         arrival time                         -13.504    
  -------------------------------------------------------------------
                         slack                                  1.014    

Slack (MET) :             1.632ns  (required time - arrival time)
  Source:                 PARAMETER_0/freq_raw_reg[14]/C
                            (rising edge-triggered cell FDRE clocked by sys_clk_pin  {rise@0.000ns fall@5.000ns period=10.000ns})
  Destination:            FREQ_TO_PHASE0/accumulator_reg[30]/D
                            (rising edge-triggered cell FDRE clocked by sys_clk_pin  {rise@0.000ns fall@5.000ns period=10.000ns})
  Path Group:             sys_clk_pin
  Path Type:              Setup (Max at Slow Process Corner)
  Requirement:            10.000ns  (sys_clk_pin rise@10.000ns - sys_clk_pin rise@0.000ns)
  Data Path Delay:        8.224ns  (logic 4.930ns (59.945%)  route 3.294ns (40.055%))
  Logic Levels:           4  (DSP48E1=1 LUT2=1 LUT3=1 LUT6=1)
  Clock Path Skew:        -0.037ns (DCD - SCD + CPR)
    Destination Clock Delay (DCD):    4.819ns = ( 14.819 - 10.000 ) 
    Source Clock Delay      (SCD):    5.115ns
    Clock Pessimism Removal (CPR):    0.259ns
  Clock Uncertainty:      0.035ns  ((TSJ^2 + TIJ^2)^1/2 + DJ) / 2 + PE
    Total System Jitter     (TSJ):    0.071ns
    Total Input Jitter      (TIJ):    0.000ns
    Discrete Jitter          (DJ):    0.000ns
    Phase Error              (PE):    0.000ns

    Location             Delay type                Incr(ns)  Path(ns)    Netlist Resource(s)
  -------------------------------------------------------------------    -------------------
                         (clock sys_clk_pin rise edge)
                                                      0.000     0.000 r  
    E3                                                0.000     0.000 r  clk (IN)
                         net (fo=0)                   0.000     0.000    clk
    E3                   IBUF (Prop_ibuf_I_O)         1.489     1.489 r  clk_IBUF_inst/O
                         net (fo=1, routed)           1.967     3.455    clk_IBUF
    BUFGCTRL_X0Y16       BUFG (Prop_bufg_I_O)         0.096     3.551 r  clk_IBUF_BUFG_inst/O
                         net (fo=330, routed)         1.563     5.115    PARAMETER_0/CLK
    SLICE_X12Y33         FDRE                                         r  PARAMETER_0/freq_raw_reg[14]/C
  -------------------------------------------------------------------    -------------------
    SLICE_X12Y33         FDRE (Prop_fdre_C_Q)         0.518     5.633 f  PARAMETER_0/freq_raw_reg[14]/Q
                         net (fo=3, routed)           0.817     6.449    PARAMETER_0/freq_raw_reg_n_0_[14]
    SLICE_X15Y32         LUT3 (Prop_lut3_I0_O)        0.124     6.573 f  PARAMETER_0/accumulator0_i_16/O
                         net (fo=1, routed)           0.520     7.094    PARAMETER_0/accumulator0_i_16_n_0
    SLICE_X14Y32         LUT6 (Prop_lut6_I1_O)        0.124     7.218 f  PARAMETER_0/accumulator0_i_15/O
                         net (fo=14, routed)          0.663     7.880    PARAMETER_0/accumulator0_i_15_n_0
    SLICE_X11Y31         LUT2 (Prop_lut2_I1_O)        0.120     8.000 r  PARAMETER_0/accumulator0_i_9/O
                         net (fo=1, routed)           0.381     8.381    FREQ_TO_PHASE0/A[5]
    DSP48_X0Y12          DSP48E1 (Prop_dsp48e1_A[5]_P[30])
                                                      4.044    12.425 r  FREQ_TO_PHASE0/accumulator0/P[30]
                         net (fo=3, routed)           0.914    13.339    FREQ_TO_PHASE0/accumulator0_n_75
    SLICE_X9Y34          FDRE                                         r  FREQ_TO_PHASE0/accumulator_reg[30]/D
  -------------------------------------------------------------------    -------------------

                         (clock sys_clk_pin rise edge)
                                                     10.000    10.000 r  
    E3                                                0.000    10.000 r  clk (IN)
                         net (fo=0)                   0.000    10.000    clk
    E3                   IBUF (Prop_ibuf_I_O)         1.418    11.418 r  clk_IBUF_inst/O
                         net (fo=1, routed)           1.862    13.280    clk_IBUF
    BUFGCTRL_X0Y16       BUFG (Prop_bufg_I_O)         0.091    13.371 r  clk_IBUF_BUFG_inst/O
                         net (fo=330, routed)         1.447    14.819    FREQ_TO_PHASE0/CLK
    SLICE_X9Y34          FDRE                                         r  FREQ_TO_PHASE0/accumulator_reg[30]/C
                         clock pessimism              0.259    15.078    
                         clock uncertainty           -0.035    15.042    
    SLICE_X9Y34          FDRE (Setup_fdre_C_D)       -0.071    14.971    FREQ_TO_PHASE0/accumulator_reg[30]
  -------------------------------------------------------------------
                         required time                         14.971    
                         arrival time                         -13.339    
  -------------------------------------------------------------------
                         slack                                  1.632    

Slack (MET) :             1.695ns  (required time - arrival time)
  Source:                 PARAMETER_0/freq_raw_reg[14]/C
                            (rising edge-triggered cell FDRE clocked by sys_clk_pin  {rise@0.000ns fall@5.000ns period=10.000ns})
  Destination:            FREQ_TO_PHASE0/accumulator_reg[25]/D
                            (rising edge-triggered cell FDRE clocked by sys_clk_pin  {rise@0.000ns fall@5.000ns period=10.000ns})
  Path Group:             sys_clk_pin
  Path Type:              Setup (Max at Slow Process Corner)
  Requirement:            10.000ns  (sys_clk_pin rise@10.000ns - sys_clk_pin rise@0.000ns)
  Data Path Delay:        8.188ns  (logic 4.930ns (60.210%)  route 3.258ns (39.790%))
  Logic Levels:           4  (DSP48E1=1 LUT2=1 LUT3=1 LUT6=1)
  Clock Path Skew:        -0.037ns (DCD - SCD + CPR)
    Destination Clock Delay (DCD):    4.819ns = ( 14.819 - 10.000 ) 
    Source Clock Delay      (SCD):    5.115ns
    Clock Pessimism Removal (CPR):    0.259ns
  Clock Uncertainty:      0.035ns  ((TSJ^2 + TIJ^2)^1/2 + DJ) / 2 + PE
    Total System Jitter     (TSJ):    0.071ns
    Total Input Jitter      (TIJ):    0.000ns
    Discrete Jitter          (DJ):    0.000ns
    Phase Error              (PE):    0.000ns

    Location             Delay type                Incr(ns)  Path(ns)    Netlist Resource(s)
  -------------------------------------------------------------------    -------------------
                         (clock sys_clk_pin rise edge)
                                                      0.000     0.000 r  
    E3                                                0.000     0.000 r  clk (IN)
                         net (fo=0)                   0.000     0.000    clk
    E3                   IBUF (Prop_ibuf_I_O)         1.489     1.489 r  clk_IBUF_inst/O
                         net (fo=1, routed)           1.967     3.455    clk_IBUF
    BUFGCTRL_X0Y16       BUFG (Prop_bufg_I_O)         0.096     3.551 r  clk_IBUF_BUFG_inst/O
                         net (fo=330, routed)         1.563     5.115    PARAMETER_0/CLK
    SLICE_X12Y33         FDRE                                         r  PARAMETER_0/freq_raw_reg[14]/C
  -------------------------------------------------------------------    -------------------
    SLICE_X12Y33         FDRE (Prop_fdre_C_Q)         0.518     5.633 f  PARAMETER_0/freq_raw_reg[14]/Q
                         net (fo=3, routed)           0.817     6.449    PARAMETER_0/freq_raw_reg_n_0_[14]
    SLICE_X15Y32         LUT3 (Prop_lut3_I0_O)        0.124     6.573 f  PARAMETER_0/accumulator0_i_16/O
                         net (fo=1, routed)           0.520     7.094    PARAMETER_0/accumulator0_i_16_n_0
    SLICE_X14Y32         LUT6 (Prop_lut6_I1_O)        0.124     7.218 f  PARAMETER_0/accumulator0_i_15/O
                         net (fo=14, routed)          0.663     7.880    PARAMETER_0/accumulator0_i_15_n_0
    SLICE_X11Y31         LUT2 (Prop_lut2_I1_O)        0.120     8.000 r  PARAMETER_0/accumulator0_i_9/O
                         net (fo=1, routed)           0.381     8.381    FREQ_TO_PHASE0/A[5]
    DSP48_X0Y12          DSP48E1 (Prop_dsp48e1_A[5]_P[25])
                                                      4.044    12.425 r  FREQ_TO_PHASE0/accumulator0/P[25]
                         net (fo=3, routed)           0.877    13.303    FREQ_TO_PHASE0/accumulator0_n_80
    SLICE_X8Y34          FDRE                                         r  FREQ_TO_PHASE0/accumulator_reg[25]/D
  -------------------------------------------------------------------    -------------------

                         (clock sys_clk_pin rise edge)
                                                     10.000    10.000 r  
    E3                                                0.000    10.000 r  clk (IN)
                         net (fo=0)                   0.000    10.000    clk
    E3                   IBUF (Prop_ibuf_I_O)         1.418    11.418 r  clk_IBUF_inst/O
                         net (fo=1, routed)           1.862    13.280    clk_IBUF
    BUFGCTRL_X0Y16       BUFG (Prop_bufg_I_O)         0.091    13.371 r  clk_IBUF_BUFG_inst/O
                         net (fo=330, routed)         1.447    14.819    FREQ_TO_PHASE0/CLK
    SLICE_X8Y34          FDRE                                         r  FREQ_TO_PHASE0/accumulator_reg[25]/C
                         clock pessimism              0.259    15.078    
                         clock uncertainty           -0.035    15.042    
    SLICE_X8Y34          FDRE (Setup_fdre_C_D)       -0.045    14.997    FREQ_TO_PHASE0/accumulator_reg[25]
  -------------------------------------------------------------------
                         required time                         14.997    
                         arrival time                         -13.303    
  -------------------------------------------------------------------
                         slack                                  1.695    





Min Delay Paths
--------------------------------------------------------------------------------------
Slack (MET) :             0.121ns  (arrival time - required time)
  Source:                 DB_LEFT/shift_reg_reg[2]/C
                            (rising edge-triggered cell FDRE clocked by sys_clk_pin  {rise@0.000ns fall@5.000ns period=10.000ns})
  Destination:            DB_LEFT/debounced_reg/D
                            (rising edge-triggered cell FDRE clocked by sys_clk_pin  {rise@0.000ns fall@5.000ns period=10.000ns})
  Path Group:             sys_clk_pin
  Path Type:              Hold (Min at Fast Process Corner)
  Requirement:            0.000ns  (sys_clk_pin rise@0.000ns - sys_clk_pin rise@0.000ns)
  Data Path Delay:        0.254ns  (logic 0.186ns (73.141%)  route 0.068ns (26.859%))
  Logic Levels:           1  (LUT6=1)
  Clock Path Skew:        0.013ns (DCD - SCD - CPR)
    Destination Clock Delay (DCD):    1.983ns
    Source Clock Delay      (SCD):    1.471ns
    Clock Pessimism Removal (CPR):    0.499ns

    Location             Delay type                Incr(ns)  Path(ns)    Netlist Resource(s)
  -------------------------------------------------------------------    -------------------
                         (clock sys_clk_pin rise edge)
                                                      0.000     0.000 r  
    E3                                                0.000     0.000 r  clk (IN)
                         net (fo=0)                   0.000     0.000    clk
    E3                   IBUF (Prop_ibuf_I_O)         0.257     0.257 r  clk_IBUF_inst/O
                         net (fo=1, routed)           0.631     0.888    clk_IBUF
    BUFGCTRL_X0Y16       BUFG (Prop_bufg_I_O)         0.026     0.914 r  clk_IBUF_BUFG_inst/O
                         net (fo=330, routed)         0.558     1.471    DB_LEFT/CLK
    SLICE_X15Y27         FDRE                                         r  DB_LEFT/shift_reg_reg[2]/C
  -------------------------------------------------------------------    -------------------
    SLICE_X15Y27         FDRE (Prop_fdre_C_Q)         0.141     1.612 r  DB_LEFT/shift_reg_reg[2]/Q
                         net (fo=2, routed)           0.068     1.681    DB_LEFT/clock_0/Q[2]
    SLICE_X14Y27         LUT6 (Prop_lut6_I3_O)        0.045     1.726 r  DB_LEFT/clock_0/debounced_i_1__1/O
                         net (fo=1, routed)           0.000     1.726    DB_LEFT/clock_0_n_1
    SLICE_X14Y27         FDRE                                         r  DB_LEFT/debounced_reg/D
  -------------------------------------------------------------------    -------------------

                         (clock sys_clk_pin rise edge)
                                                      0.000     0.000 r  
    E3                                                0.000     0.000 r  clk (IN)
                         net (fo=0)                   0.000     0.000    clk
    E3                   IBUF (Prop_ibuf_I_O)         0.445     0.445 r  clk_IBUF_inst/O
                         net (fo=1, routed)           0.685     1.129    clk_IBUF
    BUFGCTRL_X0Y16       BUFG (Prop_bufg_I_O)         0.029     1.158 r  clk_IBUF_BUFG_inst/O
                         net (fo=330, routed)         0.825     1.983    DB_LEFT/CLK
    SLICE_X14Y27         FDRE                                         r  DB_LEFT/debounced_reg/C
                         clock pessimism             -0.499     1.484    
    SLICE_X14Y27         FDRE (Hold_fdre_C_D)         0.120     1.604    DB_LEFT/debounced_reg
  -------------------------------------------------------------------
                         required time                         -1.604    
                         arrival time                           1.726    
  -------------------------------------------------------------------
                         slack                                  0.121    

Slack (MET) :             0.156ns  (arrival time - required time)
  Source:                 DB_UP/shift_reg_reg[3]/C
                            (rising edge-triggered cell FDRE clocked by sys_clk_pin  {rise@0.000ns fall@5.000ns period=10.000ns})
  Destination:            DB_UP/debounced_reg/D
                            (rising edge-triggered cell FDRE clocked by sys_clk_pin  {rise@0.000ns fall@5.000ns period=10.000ns})
  Path Group:             sys_clk_pin
  Path Type:              Hold (Min at Fast Process Corner)
  Requirement:            0.000ns  (sys_clk_pin rise@0.000ns - sys_clk_pin rise@0.000ns)
  Data Path Delay:        0.260ns  (logic 0.209ns (80.352%)  route 0.051ns (19.648%))
  Logic Levels:           1  (LUT6=1)
  Clock Path Skew:        0.013ns (DCD - SCD - CPR)
    Destination Clock Delay (DCD):    2.021ns
    Source Clock Delay      (SCD):    1.506ns
    Clock Pessimism Removal (CPR):    0.502ns

    Location             Delay type                Incr(ns)  Path(ns)    Netlist Resource(s)
  -------------------------------------------------------------------    -------------------
                         (clock sys_clk_pin rise edge)
                                                      0.000     0.000 r  
    E3                                                0.000     0.000 r  clk (IN)
                         net (fo=0)                   0.000     0.000    clk
    E3                   IBUF (Prop_ibuf_I_O)         0.257     0.257 r  clk_IBUF_inst/O
                         net (fo=1, routed)           0.631     0.888    clk_IBUF
    BUFGCTRL_X0Y16       BUFG (Prop_bufg_I_O)         0.026     0.914 r  clk_IBUF_BUFG_inst/O
                         net (fo=330, routed)         0.593     1.506    DB_UP/CLK
    SLICE_X2Y35          FDRE                                         r  DB_UP/shift_reg_reg[3]/C
  -------------------------------------------------------------------    -------------------
    SLICE_X2Y35          FDRE (Prop_fdre_C_Q)         0.164     1.670 r  DB_UP/shift_reg_reg[3]/Q
                         net (fo=1, routed)           0.051     1.721    DB_UP/clock_0/Q[3]
    SLICE_X3Y35          LUT6 (Prop_lut6_I4_O)        0.045     1.766 r  DB_UP/clock_0/debounced_i_1/O
                         net (fo=1, routed)           0.000     1.766    DB_UP/clock_0_n_1
    SLICE_X3Y35          FDRE                                         r  DB_UP/debounced_reg/D
  -------------------------------------------------------------------    -------------------

                         (clock sys_clk_pin rise edge)
                                                      0.000     0.000 r  
    E3                                                0.000     0.000 r  clk (IN)
                         net (fo=0)                   0.000     0.000    clk
    E3                   IBUF (Prop_ibuf_I_O)         0.445     0.445 r  clk_IBUF_inst/O
                         net (fo=1, routed)           0.685     1.129    clk_IBUF
    BUFGCTRL_X0Y16       BUFG (Prop_bufg_I_O)         0.029     1.158 r  clk_IBUF_BUFG_inst/O
                         net (fo=330, routed)         0.863     2.021    DB_UP/CLK
    SLICE_X3Y35          FDRE                                         r  DB_UP/debounced_reg/C
                         clock pessimism             -0.502     1.519    
    SLICE_X3Y35          FDRE (Hold_fdre_C_D)         0.091     1.610    DB_UP/debounced_reg
  -------------------------------------------------------------------
                         required time                         -1.610    
                         arrival time                           1.766    
  -------------------------------------------------------------------
                         slack                                  0.156    

Slack (MET) :             0.176ns  (arrival time - required time)
  Source:                 DB_DOWN/sync1_reg/C
                            (rising edge-triggered cell FDRE clocked by sys_clk_pin  {rise@0.000ns fall@5.000ns period=10.000ns})
  Destination:            DB_DOWN/shift_reg_reg[0]/D
                            (rising edge-triggered cell FDRE clocked by sys_clk_pin  {rise@0.000ns fall@5.000ns period=10.000ns})
  Path Group:             sys_clk_pin
  Path Type:              Hold (Min at Fast Process Corner)
  Requirement:            0.000ns  (sys_clk_pin rise@0.000ns - sys_clk_pin rise@0.000ns)
  Data Path Delay:        0.259ns  (logic 0.141ns (54.442%)  route 0.118ns (45.558%))
  Logic Levels:           0  
  Clock Path Skew:        0.013ns (DCD - SCD - CPR)
    Destination Clock Delay (DCD):    2.018ns
    Source Clock Delay      (SCD):    1.504ns
    Clock Pessimism Removal (CPR):    0.501ns

    Location             Delay type                Incr(ns)  Path(ns)    Netlist Resource(s)
  -------------------------------------------------------------------    -------------------
                         (clock sys_clk_pin rise edge)
                                                      0.000     0.000 r  
    E3                                                0.000     0.000 r  clk (IN)
                         net (fo=0)                   0.000     0.000    clk
    E3                   IBUF (Prop_ibuf_I_O)         0.257     0.257 r  clk_IBUF_inst/O
                         net (fo=1, routed)           0.631     0.888    clk_IBUF
    BUFGCTRL_X0Y16       BUFG (Prop_bufg_I_O)         0.026     0.914 r  clk_IBUF_BUFG_inst/O
                         net (fo=330, routed)         0.591     1.504    DB_DOWN/CLK
    SLICE_X0Y32          FDRE                                         r  DB_DOWN/sync1_reg/C
  -------------------------------------------------------------------    -------------------
    SLICE_X0Y32          FDRE (Prop_fdre_C_Q)         0.141     1.645 r  DB_DOWN/sync1_reg/Q
                         net (fo=1, routed)           0.118     1.763    DB_DOWN/sync1_reg_n_0
    SLICE_X1Y32          FDRE                                         r  DB_DOWN/shift_reg_reg[0]/D
  -------------------------------------------------------------------    -------------------

                         (clock sys_clk_pin rise edge)
                                                      0.000     0.000 r  
    E3                                                0.000     0.000 r  clk (IN)
                         net (fo=0)                   0.000     0.000    clk
    E3                   IBUF (Prop_ibuf_I_O)         0.445     0.445 r  clk_IBUF_inst/O
                         net (fo=1, routed)           0.685     1.129    clk_IBUF
    BUFGCTRL_X0Y16       BUFG (Prop_bufg_I_O)         0.029     1.158 r  clk_IBUF_BUFG_inst/O
                         net (fo=330, routed)         0.860     2.018    DB_DOWN/CLK
    SLICE_X1Y32          FDRE                                         r  DB_DOWN/shift_reg_reg[0]/C
                         clock pessimism             -0.501     1.517    
    SLICE_X1Y32          FDRE (Hold_fdre_C_D)         0.070     1.587    DB_DOWN/shift_reg_reg[0]
  -------------------------------------------------------------------
                         required time                         -1.587    
                         arrival time                           1.763    
  -------------------------------------------------------------------
                         slack                                  0.176    

Slack (MET) :             0.180ns  (arrival time - required time)
  Source:                 DB_DOWN/shift_reg_reg[0]/C
                            (rising edge-triggered cell FDRE clocked by sys_clk_pin  {rise@0.000ns fall@5.000ns period=10.000ns})
  Destination:            DB_DOWN/shift_reg_reg[1]/D
                            (rising edge-triggered cell FDRE clocked by sys_clk_pin  {rise@0.000ns fall@5.000ns period=10.000ns})
  Path Group:             sys_clk_pin
  Path Type:              Hold (Min at Fast Process Corner)
  Requirement:            0.000ns  (sys_clk_pin rise@0.000ns - sys_clk_pin rise@0.000ns)
  Data Path Delay:        0.252ns  (logic 0.141ns (55.869%)  route 0.111ns (44.131%))
  Logic Levels:           0  
  Clock Path Skew:        0.013ns (DCD - SCD - CPR)
    Destination Clock Delay (DCD):    2.017ns
    Source Clock Delay      (SCD):    1.504ns
    Clock Pessimism Removal (CPR):    0.500ns

    Location             Delay type                Incr(ns)  Path(ns)    Netlist Resource(s)
  -------------------------------------------------------------------    -------------------
                         (clock sys_clk_pin rise edge)
                                                      0.000     0.000 r  
    E3                                                0.000     0.000 r  clk (IN)
                         net (fo=0)                   0.000     0.000    clk
    E3                   IBUF (Prop_ibuf_I_O)         0.257     0.257 r  clk_IBUF_inst/O
                         net (fo=1, routed)           0.631     0.888    clk_IBUF
    BUFGCTRL_X0Y16       BUFG (Prop_bufg_I_O)         0.026     0.914 r  clk_IBUF_BUFG_inst/O
                         net (fo=330, routed)         0.591     1.504    DB_DOWN/CLK
    SLICE_X1Y32          FDRE                                         r  DB_DOWN/shift_reg_reg[0]/C
  -------------------------------------------------------------------    -------------------
    SLICE_X1Y32          FDRE (Prop_fdre_C_Q)         0.141     1.645 r  DB_DOWN/shift_reg_reg[0]/Q
                         net (fo=2, routed)           0.111     1.757    DB_DOWN/shift_reg[0]
    SLICE_X2Y31          FDRE                                         r  DB_DOWN/shift_reg_reg[1]/D
  -------------------------------------------------------------------    -------------------

                         (clock sys_clk_pin rise edge)
                                                      0.000     0.000 r  
    E3                                                0.000     0.000 r  clk (IN)
                         net (fo=0)                   0.000     0.000    clk
    E3                   IBUF (Prop_ibuf_I_O)         0.445     0.445 r  clk_IBUF_inst/O
                         net (fo=1, routed)           0.685     1.129    clk_IBUF
    BUFGCTRL_X0Y16       BUFG (Prop_bufg_I_O)         0.029     1.158 r  clk_IBUF_BUFG_inst/O
                         net (fo=330, routed)         0.859     2.017    DB_DOWN/CLK
    SLICE_X2Y31          FDRE                                         r  DB_DOWN/shift_reg_reg[1]/C
                         clock pessimism             -0.500     1.517    
    SLICE_X2Y31          FDRE (Hold_fdre_C_D)         0.059     1.576    DB_DOWN/shift_reg_reg[1]
  -------------------------------------------------------------------
                         required time                         -1.576    
                         arrival time                           1.757    
  -------------------------------------------------------------------
                         slack                                  0.180    

Slack (MET) :             0.186ns  (arrival time - required time)
  Source:                 DB_UP/shift_reg_reg[0]/C
                            (rising edge-triggered cell FDRE clocked by sys_clk_pin  {rise@0.000ns fall@5.000ns period=10.000ns})
  Destination:            DB_UP/shift_reg_reg[1]/D
                            (rising edge-triggered cell FDRE clocked by sys_clk_pin  {rise@0.000ns fall@5.000ns period=10.000ns})
  Path Group:             sys_clk_pin
  Path Type:              Hold (Min at Fast Process Corner)
  Requirement:            0.000ns  (sys_clk_pin rise@0.000ns - sys_clk_pin rise@0.000ns)
  Data Path Delay:        0.260ns  (logic 0.141ns (54.222%)  route 0.119ns (45.778%))
  Logic Levels:           0  
  Clock Path Skew:        0.015ns (DCD - SCD - CPR)
    Destination Clock Delay (DCD):    2.021ns
    Source Clock Delay      (SCD):    1.506ns
    Clock Pessimism Removal (CPR):    0.500ns

    Location             Delay type                Incr(ns)  Path(ns)    Netlist Resource(s)
  -------------------------------------------------------------------    -------------------
                         (clock sys_clk_pin rise edge)
                                                      0.000     0.000 r  
    E3                                                0.000     0.000 r  clk (IN)
                         net (fo=0)                   0.000     0.000    clk
    E3                   IBUF (Prop_ibuf_I_O)         0.257     0.257 r  clk_IBUF_inst/O
                         net (fo=1, routed)           0.631     0.888    clk_IBUF
    BUFGCTRL_X0Y16       BUFG (Prop_bufg_I_O)         0.026     0.914 r  clk_IBUF_BUFG_inst/O
                         net (fo=330, routed)         0.593     1.506    DB_UP/CLK
    SLICE_X3Y36          FDRE                                         r  DB_UP/shift_reg_reg[0]/C
  -------------------------------------------------------------------    -------------------
    SLICE_X3Y36          FDRE (Prop_fdre_C_Q)         0.141     1.647 r  DB_UP/shift_reg_reg[0]/Q
                         net (fo=2, routed)           0.119     1.766    DB_UP/shift_reg[0]
    SLICE_X2Y35          FDRE                                         r  DB_UP/shift_reg_reg[1]/D
  -------------------------------------------------------------------    -------------------

                         (clock sys_clk_pin rise edge)
                                                      0.000     0.000 r  
    E3                                                0.000     0.000 r  clk (IN)
                         net (fo=0)                   0.000     0.000    clk
    E3                   IBUF (Prop_ibuf_I_O)         0.445     0.445 r  clk_IBUF_inst/O
                         net (fo=1, routed)           0.685     1.129    clk_IBUF
    BUFGCTRL_X0Y16       BUFG (Prop_bufg_I_O)         0.029     1.158 r  clk_IBUF_BUFG_inst/O
                         net (fo=330, routed)         0.863     2.021    DB_UP/CLK
    SLICE_X2Y35          FDRE                                         r  DB_UP/shift_reg_reg[1]/C
                         clock pessimism             -0.500     1.521    
    SLICE_X2Y35          FDRE (Hold_fdre_C_D)         0.059     1.580    DB_UP/shift_reg_reg[1]
  -------------------------------------------------------------------
                         required time                         -1.580    
                         arrival time                           1.766    
  -------------------------------------------------------------------
                         slack                                  0.186    

Slack (MET) :             0.188ns  (arrival time - required time)
  Source:                 DISPLAY_DRIVER_0/clock_1/ce_reg/C
                            (rising edge-triggered cell FDRE clocked by sys_clk_pin  {rise@0.000ns fall@5.000ns period=10.000ns})
  Destination:            DISPLAY_DRIVER_0/counter_1/sig_cnt_reg[0]/D
                            (rising edge-triggered cell FDRE clocked by sys_clk_pin  {rise@0.000ns fall@5.000ns period=10.000ns})
  Path Group:             sys_clk_pin
  Path Type:              Hold (Min at Fast Process Corner)
  Requirement:            0.000ns  (sys_clk_pin rise@0.000ns - sys_clk_pin rise@0.000ns)
  Data Path Delay:        0.280ns  (logic 0.227ns (80.953%)  route 0.053ns (19.047%))
  Logic Levels:           1  (LUT2=1)
  Clock Path Skew:        0.000ns (DCD - SCD - CPR)
    Destination Clock Delay (DCD):    2.017ns
    Source Clock Delay      (SCD):    1.503ns
    Clock Pessimism Removal (CPR):    0.514ns

    Location             Delay type                Incr(ns)  Path(ns)    Netlist Resource(s)
  -------------------------------------------------------------------    -------------------
                         (clock sys_clk_pin rise edge)
                                                      0.000     0.000 r  
    E3                                                0.000     0.000 r  clk (IN)
                         net (fo=0)                   0.000     0.000    clk
    E3                   IBUF (Prop_ibuf_I_O)         0.257     0.257 r  clk_IBUF_inst/O
                         net (fo=1, routed)           0.631     0.888    clk_IBUF
    BUFGCTRL_X0Y16       BUFG (Prop_bufg_I_O)         0.026     0.914 r  clk_IBUF_BUFG_inst/O
                         net (fo=330, routed)         0.590     1.503    DISPLAY_DRIVER_0/clock_1/CLK
    SLICE_X1Y31          FDRE                                         r  DISPLAY_DRIVER_0/clock_1/ce_reg/C
  -------------------------------------------------------------------    -------------------
    SLICE_X1Y31          FDRE (Prop_fdre_C_Q)         0.128     1.631 r  DISPLAY_DRIVER_0/clock_1/ce_reg/Q
                         net (fo=1, routed)           0.053     1.685    DISPLAY_DRIVER_0/clock_1/ce_reg_n_0
    SLICE_X1Y31          LUT2 (Prop_lut2_I0_O)        0.099     1.784 r  DISPLAY_DRIVER_0/clock_1/sig_cnt[0]_i_1__9/O
                         net (fo=1, routed)           0.000     1.784    DISPLAY_DRIVER_0/counter_1/sig_cnt_reg[0]_0
    SLICE_X1Y31          FDRE                                         r  DISPLAY_DRIVER_0/counter_1/sig_cnt_reg[0]/D
  -------------------------------------------------------------------    -------------------

                         (clock sys_clk_pin rise edge)
                                                      0.000     0.000 r  
    E3                                                0.000     0.000 r  clk (IN)
                         net (fo=0)                   0.000     0.000    clk
    E3                   IBUF (Prop_ibuf_I_O)         0.445     0.445 r  clk_IBUF_inst/O
                         net (fo=1, routed)           0.685     1.129    clk_IBUF
    BUFGCTRL_X0Y16       BUFG (Prop_bufg_I_O)         0.029     1.158 r  clk_IBUF_BUFG_inst/O
                         net (fo=330, routed)         0.859     2.017    DISPLAY_DRIVER_0/counter_1/CLK
    SLICE_X1Y31          FDRE                                         r  DISPLAY_DRIVER_0/counter_1/sig_cnt_reg[0]/C
                         clock pessimism             -0.514     1.503    
    SLICE_X1Y31          FDRE (Hold_fdre_C_D)         0.092     1.595    DISPLAY_DRIVER_0/counter_1/sig_cnt_reg[0]
  -------------------------------------------------------------------
                         required time                         -1.595    
                         arrival time                           1.784    
  -------------------------------------------------------------------
                         slack                                  0.188    

Slack (MET) :             0.194ns  (arrival time - required time)
  Source:                 DB_UP/sync1_reg/C
                            (rising edge-triggered cell FDRE clocked by sys_clk_pin  {rise@0.000ns fall@5.000ns period=10.000ns})
  Destination:            DB_UP/shift_reg_reg[0]/D
                            (rising edge-triggered cell FDRE clocked by sys_clk_pin  {rise@0.000ns fall@5.000ns period=10.000ns})
  Path Group:             sys_clk_pin
  Path Type:              Hold (Min at Fast Process Corner)
  Requirement:            0.000ns  (sys_clk_pin rise@0.000ns - sys_clk_pin rise@0.000ns)
  Data Path Delay:        0.277ns  (logic 0.164ns (59.205%)  route 0.113ns (40.795%))
  Logic Levels:           0  
  Clock Path Skew:        0.013ns (DCD - SCD - CPR)
    Destination Clock Delay (DCD):    2.021ns
    Source Clock Delay      (SCD):    1.506ns
    Clock Pessimism Removal (CPR):    0.502ns

    Location             Delay type                Incr(ns)  Path(ns)    Netlist Resource(s)
  -------------------------------------------------------------------    -------------------
                         (clock sys_clk_pin rise edge)
                                                      0.000     0.000 r  
    E3                                                0.000     0.000 r  clk (IN)
                         net (fo=0)                   0.000     0.000    clk
    E3                   IBUF (Prop_ibuf_I_O)         0.257     0.257 r  clk_IBUF_inst/O
                         net (fo=1, routed)           0.631     0.888    clk_IBUF
    BUFGCTRL_X0Y16       BUFG (Prop_bufg_I_O)         0.026     0.914 r  clk_IBUF_BUFG_inst/O
                         net (fo=330, routed)         0.593     1.506    DB_UP/CLK
    SLICE_X2Y36          FDRE                                         r  DB_UP/sync1_reg/C
  -------------------------------------------------------------------    -------------------
    SLICE_X2Y36          FDRE (Prop_fdre_C_Q)         0.164     1.670 r  DB_UP/sync1_reg/Q
                         net (fo=1, routed)           0.113     1.783    DB_UP/sync1
    SLICE_X3Y36          FDRE                                         r  DB_UP/shift_reg_reg[0]/D
  -------------------------------------------------------------------    -------------------

                         (clock sys_clk_pin rise edge)
                                                      0.000     0.000 r  
    E3                                                0.000     0.000 r  clk (IN)
                         net (fo=0)                   0.000     0.000    clk
    E3                   IBUF (Prop_ibuf_I_O)         0.445     0.445 r  clk_IBUF_inst/O
                         net (fo=1, routed)           0.685     1.129    clk_IBUF
    BUFGCTRL_X0Y16       BUFG (Prop_bufg_I_O)         0.029     1.158 r  clk_IBUF_BUFG_inst/O
                         net (fo=330, routed)         0.863     2.021    DB_UP/CLK
    SLICE_X3Y36          FDRE                                         r  DB_UP/shift_reg_reg[0]/C
                         clock pessimism             -0.502     1.519    
    SLICE_X3Y36          FDRE (Hold_fdre_C_D)         0.070     1.589    DB_UP/shift_reg_reg[0]
  -------------------------------------------------------------------
                         required time                         -1.589    
                         arrival time                           1.783    
  -------------------------------------------------------------------
                         slack                                  0.194    

Slack (MET) :             0.199ns  (arrival time - required time)
  Source:                 DB_LEFT/shift_reg_reg[0]/C
                            (rising edge-triggered cell FDRE clocked by sys_clk_pin  {rise@0.000ns fall@5.000ns period=10.000ns})
  Destination:            DB_LEFT/shift_reg_reg[1]/D
                            (rising edge-triggered cell FDRE clocked by sys_clk_pin  {rise@0.000ns fall@5.000ns period=10.000ns})
  Path Group:             sys_clk_pin
  Path Type:              Hold (Min at Fast Process Corner)
  Requirement:            0.000ns  (sys_clk_pin rise@0.000ns - sys_clk_pin rise@0.000ns)
  Data Path Delay:        0.278ns  (logic 0.164ns (58.950%)  route 0.114ns (41.050%))
  Logic Levels:           0  
  Clock Path Skew:        0.013ns (DCD - SCD - CPR)
    Destination Clock Delay (DCD):    1.983ns
    Source Clock Delay      (SCD):    1.471ns
    Clock Pessimism Removal (CPR):    0.499ns

    Location             Delay type                Incr(ns)  Path(ns)    Netlist Resource(s)
  -------------------------------------------------------------------    -------------------
                         (clock sys_clk_pin rise edge)
                                                      0.000     0.000 r  
    E3                                                0.000     0.000 r  clk (IN)
                         net (fo=0)                   0.000     0.000    clk
    E3                   IBUF (Prop_ibuf_I_O)         0.257     0.257 r  clk_IBUF_inst/O
                         net (fo=1, routed)           0.631     0.888    clk_IBUF
    BUFGCTRL_X0Y16       BUFG (Prop_bufg_I_O)         0.026     0.914 r  clk_IBUF_BUFG_inst/O
                         net (fo=330, routed)         0.558     1.471    DB_LEFT/CLK
    SLICE_X12Y27         FDRE                                         r  DB_LEFT/shift_reg_reg[0]/C
  -------------------------------------------------------------------    -------------------
    SLICE_X12Y27         FDRE (Prop_fdre_C_Q)         0.164     1.635 r  DB_LEFT/shift_reg_reg[0]/Q
                         net (fo=2, routed)           0.114     1.750    DB_LEFT/shift_reg[0]
    SLICE_X15Y27         FDRE                                         r  DB_LEFT/shift_reg_reg[1]/D
  -------------------------------------------------------------------    -------------------

                         (clock sys_clk_pin rise edge)
                                                      0.000     0.000 r  
    E3                                                0.000     0.000 r  clk (IN)
                         net (fo=0)                   0.000     0.000    clk
    E3                   IBUF (Prop_ibuf_I_O)         0.445     0.445 r  clk_IBUF_inst/O
                         net (fo=1, routed)           0.685     1.129    clk_IBUF
    BUFGCTRL_X0Y16       BUFG (Prop_bufg_I_O)         0.029     1.158 r  clk_IBUF_BUFG_inst/O
                         net (fo=330, routed)         0.825     1.983    DB_LEFT/CLK
    SLICE_X15Y27         FDRE                                         r  DB_LEFT/shift_reg_reg[1]/C
                         clock pessimism             -0.499     1.484    
    SLICE_X15Y27         FDRE (Hold_fdre_C_D)         0.066     1.550    DB_LEFT/shift_reg_reg[1]
  -------------------------------------------------------------------
                         required time                         -1.550    
                         arrival time                           1.750    
  -------------------------------------------------------------------
                         slack                                  0.199    

Slack (MET) :             0.202ns  (arrival time - required time)
  Source:                 DB_DOWN/debounced_reg/C
                            (rising edge-triggered cell FDRE clocked by sys_clk_pin  {rise@0.000ns fall@5.000ns period=10.000ns})
  Destination:            DB_DOWN/delayed_reg/D
                            (rising edge-triggered cell FDRE clocked by sys_clk_pin  {rise@0.000ns fall@5.000ns period=10.000ns})
  Path Group:             sys_clk_pin
  Path Type:              Hold (Min at Fast Process Corner)
  Requirement:            0.000ns  (sys_clk_pin rise@0.000ns - sys_clk_pin rise@0.000ns)
  Data Path Delay:        0.282ns  (logic 0.141ns (49.989%)  route 0.141ns (50.011%))
  Logic Levels:           0  
  Clock Path Skew:        0.014ns (DCD - SCD - CPR)
    Destination Clock Delay (DCD):    2.017ns
    Source Clock Delay      (SCD):    1.503ns
    Clock Pessimism Removal (CPR):    0.500ns

    Location             Delay type                Incr(ns)  Path(ns)    Netlist Resource(s)
  -------------------------------------------------------------------    -------------------
                         (clock sys_clk_pin rise edge)
                                                      0.000     0.000 r  
    E3                                                0.000     0.000 r  clk (IN)
                         net (fo=0)                   0.000     0.000    clk
    E3                   IBUF (Prop_ibuf_I_O)         0.257     0.257 r  clk_IBUF_inst/O
                         net (fo=1, routed)           0.631     0.888    clk_IBUF
    BUFGCTRL_X0Y16       BUFG (Prop_bufg_I_O)         0.026     0.914 r  clk_IBUF_BUFG_inst/O
                         net (fo=330, routed)         0.590     1.503    DB_DOWN/CLK
    SLICE_X1Y31          FDRE                                         r  DB_DOWN/debounced_reg/C
  -------------------------------------------------------------------    -------------------
    SLICE_X1Y31          FDRE (Prop_fdre_C_Q)         0.141     1.644 r  DB_DOWN/debounced_reg/Q
                         net (fo=6, routed)           0.141     1.785    DB_DOWN/sig_btnd_pressd_deb
    SLICE_X3Y31          FDRE                                         r  DB_DOWN/delayed_reg/D
  -------------------------------------------------------------------    -------------------

                         (clock sys_clk_pin rise edge)
                                                      0.000     0.000 r  
    E3                                                0.000     0.000 r  clk (IN)
                         net (fo=0)                   0.000     0.000    clk
    E3                   IBUF (Prop_ibuf_I_O)         0.445     0.445 r  clk_IBUF_inst/O
                         net (fo=1, routed)           0.685     1.129    clk_IBUF
    BUFGCTRL_X0Y16       BUFG (Prop_bufg_I_O)         0.029     1.158 r  clk_IBUF_BUFG_inst/O
                         net (fo=330, routed)         0.859     2.017    DB_DOWN/CLK
    SLICE_X3Y31          FDRE                                         r  DB_DOWN/delayed_reg/C
                         clock pessimism             -0.500     1.517    
    SLICE_X3Y31          FDRE (Hold_fdre_C_D)         0.066     1.583    DB_DOWN/delayed_reg
  -------------------------------------------------------------------
                         required time                         -1.583    
                         arrival time                           1.785    
  -------------------------------------------------------------------
                         slack                                  0.202    

Slack (MET) :             0.206ns  (arrival time - required time)
  Source:                 DB_RIGHT/clock_0/ce_reg/C
                            (rising edge-triggered cell FDRE clocked by sys_clk_pin  {rise@0.000ns fall@5.000ns period=10.000ns})
  Destination:            DB_RIGHT/debounced_reg/D
                            (rising edge-triggered cell FDRE clocked by sys_clk_pin  {rise@0.000ns fall@5.000ns period=10.000ns})
  Path Group:             sys_clk_pin
  Path Type:              Hold (Min at Fast Process Corner)
  Requirement:            0.000ns  (sys_clk_pin rise@0.000ns - sys_clk_pin rise@0.000ns)
  Data Path Delay:        0.297ns  (logic 0.227ns (76.370%)  route 0.070ns (23.630%))
  Logic Levels:           1  (LUT6=1)
  Clock Path Skew:        0.000ns (DCD - SCD - CPR)
    Destination Clock Delay (DCD):    2.016ns
    Source Clock Delay      (SCD):    1.502ns
    Clock Pessimism Removal (CPR):    0.514ns

    Location             Delay type                Incr(ns)  Path(ns)    Netlist Resource(s)
  -------------------------------------------------------------------    -------------------
                         (clock sys_clk_pin rise edge)
                                                      0.000     0.000 r  
    E3                                                0.000     0.000 r  clk (IN)
                         net (fo=0)                   0.000     0.000    clk
    E3                   IBUF (Prop_ibuf_I_O)         0.257     0.257 r  clk_IBUF_inst/O
                         net (fo=1, routed)           0.631     0.888    clk_IBUF
    BUFGCTRL_X0Y16       BUFG (Prop_bufg_I_O)         0.026     0.914 r  clk_IBUF_BUFG_inst/O
                         net (fo=330, routed)         0.589     1.502    DB_RIGHT/clock_0/CLK
    SLICE_X1Y30          FDRE                                         r  DB_RIGHT/clock_0/ce_reg/C
  -------------------------------------------------------------------    -------------------
    SLICE_X1Y30          FDRE (Prop_fdre_C_Q)         0.128     1.630 r  DB_RIGHT/clock_0/ce_reg/Q
                         net (fo=5, routed)           0.070     1.701    DB_RIGHT/clock_0/E[0]
    SLICE_X1Y30          LUT6 (Prop_lut6_I0_O)        0.099     1.800 r  DB_RIGHT/clock_0/debounced_i_1__2/O
                         net (fo=1, routed)           0.000     1.800    DB_RIGHT/clock_0_n_1
    SLICE_X1Y30          FDRE                                         r  DB_RIGHT/debounced_reg/D
  -------------------------------------------------------------------    -------------------

                         (clock sys_clk_pin rise edge)
                                                      0.000     0.000 r  
    E3                                                0.000     0.000 r  clk (IN)
                         net (fo=0)                   0.000     0.000    clk
    E3                   IBUF (Prop_ibuf_I_O)         0.445     0.445 r  clk_IBUF_inst/O
                         net (fo=1, routed)           0.685     1.129    clk_IBUF
    BUFGCTRL_X0Y16       BUFG (Prop_bufg_I_O)         0.029     1.158 r  clk_IBUF_BUFG_inst/O
                         net (fo=330, routed)         0.858     2.016    DB_RIGHT/CLK
    SLICE_X1Y30          FDRE                                         r  DB_RIGHT/debounced_reg/C
                         clock pessimism             -0.514     1.502    
    SLICE_X1Y30          FDRE (Hold_fdre_C_D)         0.091     1.593    DB_RIGHT/debounced_reg
  -------------------------------------------------------------------
                         required time                         -1.593    
                         arrival time                           1.800    
  -------------------------------------------------------------------
                         slack                                  0.206    





Pulse Width Checks
--------------------------------------------------------------------------------------
Clock Name:         sys_clk_pin
Waveform(ns):       { 0.000 5.000 }
Period(ns):         10.000
Sources:            { clk }

Check Type        Corner  Lib Pin             Reference Pin  Required(ns)  Actual(ns)  Slack(ns)  Location        Pin
Min Period        n/a     RAMB18E1/CLKARDCLK  n/a            2.576         10.000      7.424      RAMB18_X0Y12    sig_pwm0_carry_i_18/CLKARDCLK
Min Period        n/a     BUFG/I              n/a            2.155         10.000      7.845      BUFGCTRL_X0Y16  clk_IBUF_BUFG_inst/I
Min Period        n/a     FDRE/C              n/a            1.000         10.000      9.000      SLICE_X1Y31     DB_DOWN/debounced_reg/C
Min Period        n/a     FDRE/C              n/a            1.000         10.000      9.000      SLICE_X3Y31     DB_DOWN/delayed_reg/C
Min Period        n/a     FDRE/C              n/a            1.000         10.000      9.000      SLICE_X1Y32     DB_DOWN/shift_reg_reg[0]/C
Min Period        n/a     FDRE/C              n/a            1.000         10.000      9.000      SLICE_X2Y31     DB_DOWN/shift_reg_reg[1]/C
Min Period        n/a     FDRE/C              n/a            1.000         10.000      9.000      SLICE_X2Y31     DB_DOWN/shift_reg_reg[2]/C
Min Period        n/a     FDRE/C              n/a            1.000         10.000      9.000      SLICE_X2Y31     DB_DOWN/shift_reg_reg[3]/C
Min Period        n/a     FDRE/C              n/a            1.000         10.000      9.000      SLICE_X0Y32     DB_DOWN/sync0_reg/C
Min Period        n/a     FDRE/C              n/a            1.000         10.000      9.000      SLICE_X0Y32     DB_DOWN/sync1_reg/C
Low Pulse Width   Slow    FDRE/C              n/a            0.500         5.000       4.500      SLICE_X1Y31     DB_DOWN/debounced_reg/C
Low Pulse Width   Fast    FDRE/C              n/a            0.500         5.000       4.500      SLICE_X1Y31     DB_DOWN/debounced_reg/C
Low Pulse Width   Slow    FDRE/C              n/a            0.500         5.000       4.500      SLICE_X3Y31     DB_DOWN/delayed_reg/C
Low Pulse Width   Fast    FDRE/C              n/a            0.500         5.000       4.500      SLICE_X3Y31     DB_DOWN/delayed_reg/C
Low Pulse Width   Slow    FDRE/C              n/a            0.500         5.000       4.500      SLICE_X1Y32     DB_DOWN/shift_reg_reg[0]/C
Low Pulse Width   Fast    FDRE/C              n/a            0.500         5.000       4.500      SLICE_X1Y32     DB_DOWN/shift_reg_reg[0]/C
Low Pulse Width   Slow    FDRE/C              n/a            0.500         5.000       4.500      SLICE_X2Y31     DB_DOWN/shift_reg_reg[1]/C
Low Pulse Width   Fast    FDRE/C              n/a            0.500         5.000       4.500      SLICE_X2Y31     DB_DOWN/shift_reg_reg[1]/C
Low Pulse Width   Slow    FDRE/C              n/a            0.500         5.000       4.500      SLICE_X2Y31     DB_DOWN/shift_reg_reg[2]/C
Low Pulse Width   Fast    FDRE/C              n/a            0.500         5.000       4.500      SLICE_X2Y31     DB_DOWN/shift_reg_reg[2]/C
High Pulse Width  Slow    FDRE/C              n/a            0.500         5.000       4.500      SLICE_X1Y31     DB_DOWN/debounced_reg/C
High Pulse Width  Fast    FDRE/C              n/a            0.500         5.000       4.500      SLICE_X1Y31     DB_DOWN/debounced_reg/C
High Pulse Width  Slow    FDRE/C              n/a            0.500         5.000       4.500      SLICE_X3Y31     DB_DOWN/delayed_reg/C
High Pulse Width  Fast    FDRE/C              n/a            0.500         5.000       4.500      SLICE_X3Y31     DB_DOWN/delayed_reg/C
High Pulse Width  Slow    FDRE/C              n/a            0.500         5.000       4.500      SLICE_X1Y32     DB_DOWN/shift_reg_reg[0]/C
High Pulse Width  Fast    FDRE/C              n/a            0.500         5.000       4.500      SLICE_X1Y32     DB_DOWN/shift_reg_reg[0]/C
High Pulse Width  Slow    FDRE/C              n/a            0.500         5.000       4.500      SLICE_X2Y31     DB_DOWN/shift_reg_reg[1]/C
High Pulse Width  Fast    FDRE/C              n/a            0.500         5.000       4.500      SLICE_X2Y31     DB_DOWN/shift_reg_reg[1]/C
High Pulse Width  Slow    FDRE/C              n/a            0.500         5.000       4.500      SLICE_X2Y31     DB_DOWN/shift_reg_reg[2]/C
High Pulse Width  Fast    FDRE/C              n/a            0.500         5.000       4.500      SLICE_X2Y31     DB_DOWN/shift_reg_reg[2]/C



--------------------------------------------------------------------------------------
Path Group:  (none)
From Clock:  
  To Clock:  

Max Delay             1 Endpoint
Min Delay             1 Endpoint
--------------------------------------------------------------------------------------


Max Delay Paths
--------------------------------------------------------------------------------------
Slack:                    inf
  Source:                 sw[0]
                            (input port)
  Destination:            aud_sd
                            (output port)
  Path Group:             (none)
  Path Type:              Max at Slow Process Corner
  Data Path Delay:        8.201ns  (logic 5.037ns (61.420%)  route 3.164ns (38.580%))
  Logic Levels:           2  (IBUF=1 OBUF=1)

    Location             Delay type                Incr(ns)  Path(ns)    Netlist Resource(s)
  -------------------------------------------------------------------    -------------------
    J15                                               0.000     0.000 r  sw[0] (IN)
                         net (fo=0)                   0.000     0.000    sw[0]
    J15                  IBUF (Prop_ibuf_I_O)         1.491     1.491 r  sw_IBUF[0]_inst/O
                         net (fo=1, routed)           3.164     4.655    aud_sd_OBUF
    D12                  OBUF (Prop_obuf_I_O)         3.546     8.201 r  aud_sd_OBUF_inst/O
                         net (fo=0)                   0.000     8.201    aud_sd
    D12                                                               r  aud_sd (OUT)
  -------------------------------------------------------------------    -------------------





Min Delay Paths
--------------------------------------------------------------------------------------
Slack:                    inf
  Source:                 sw[0]
                            (input port)
  Destination:            aud_sd
                            (output port)
  Path Group:             (none)
  Path Type:              Min at Fast Process Corner
  Data Path Delay:        2.423ns  (logic 1.506ns (62.123%)  route 0.918ns (37.877%))
  Logic Levels:           2  (IBUF=1 OBUF=1)

    Location             Delay type                Incr(ns)  Path(ns)    Netlist Resource(s)
  -------------------------------------------------------------------    -------------------
    J15                                               0.000     0.000 r  sw[0] (IN)
                         net (fo=0)                   0.000     0.000    sw[0]
    J15                  IBUF (Prop_ibuf_I_O)         0.259     0.259 r  sw_IBUF[0]_inst/O
                         net (fo=1, routed)           0.918     1.177    aud_sd_OBUF
    D12                  OBUF (Prop_obuf_I_O)         1.247     2.423 r  aud_sd_OBUF_inst/O
                         net (fo=0)                   0.000     2.423    aud_sd
    D12                                                               r  aud_sd (OUT)
  -------------------------------------------------------------------    -------------------





--------------------------------------------------------------------------------------
Path Group:  (none)
From Clock:  sys_clk_pin
  To Clock:  

Max Delay            16 Endpoints
Min Delay            16 Endpoints
--------------------------------------------------------------------------------------


Max Delay Paths
--------------------------------------------------------------------------------------
Slack:                    inf
  Source:                 PARAMETER_0/bcd_digits_reg[1][3]/C
                            (rising edge-triggered cell FDRE clocked by sys_clk_pin  {rise@0.000ns fall@5.000ns period=10.000ns})
  Destination:            seg[6]
                            (output port)
  Path Group:             (none)
  Path Type:              Max at Slow Process Corner
  Data Path Delay:        10.325ns  (logic 4.659ns (45.129%)  route 5.665ns (54.871%))
  Logic Levels:           4  (LUT4=1 LUT6=2 OBUF=1)
  Clock Uncertainty:      0.025ns  ((TSJ^2 + TIJ^2)^1/2 + DJ) / 2 + PE
    Total System Jitter     (TSJ):    0.050ns
    Total Input Jitter      (TIJ):    0.000ns
    Discrete Jitter          (DJ):    0.000ns
    Phase Error              (PE):    0.000ns

    Location             Delay type                Incr(ns)  Path(ns)    Netlist Resource(s)
  -------------------------------------------------------------------    -------------------
                         (clock sys_clk_pin rise edge)
                                                      0.000     0.000 r  
    E3                                                0.000     0.000 r  clk (IN)
                         net (fo=0)                   0.000     0.000    clk
    E3                   IBUF (Prop_ibuf_I_O)         1.489     1.489 r  clk_IBUF_inst/O
                         net (fo=1, routed)           1.967     3.455    clk_IBUF
    BUFGCTRL_X0Y16       BUFG (Prop_bufg_I_O)         0.096     3.551 r  clk_IBUF_BUFG_inst/O
                         net (fo=330, routed)         1.625     5.177    PARAMETER_0/CLK
    SLICE_X6Y30          FDRE                                         r  PARAMETER_0/bcd_digits_reg[1][3]/C
  -------------------------------------------------------------------    -------------------
    SLICE_X6Y30          FDRE (Prop_fdre_C_Q)         0.518     5.695 f  PARAMETER_0/bcd_digits_reg[1][3]/Q
                         net (fo=6, routed)           1.145     6.840    PARAMETER_0/bcd_digits_reg[1][3]
    SLICE_X3Y32          LUT6 (Prop_lut6_I3_O)        0.124     6.964 f  PARAMETER_0/seg_OBUF[6]_inst_i_7/O
                         net (fo=1, routed)           0.667     7.630    PARAMETER_0/seg_OBUF[6]_inst_i_7_n_0
    SLICE_X3Y32          LUT6 (Prop_lut6_I0_O)        0.124     7.754 r  PARAMETER_0/seg_OBUF[6]_inst_i_3/O
                         net (fo=7, routed)           0.989     8.743    PARAMETER_0/seg_OBUF[6]_inst_i_3_n_0
    SLICE_X0Y33          LUT4 (Prop_lut4_I1_O)        0.152     8.895 r  PARAMETER_0/seg_OBUF[6]_inst_i_1/O
                         net (fo=1, routed)           2.865    11.760    seg_OBUF[6]
    T10                  OBUF (Prop_obuf_I_O)         3.741    15.501 r  seg_OBUF[6]_inst/O
                         net (fo=0)                   0.000    15.501    seg[6]
    T10                                                               r  seg[6] (OUT)
  -------------------------------------------------------------------    -------------------

Slack:                    inf
  Source:                 DISPLAY_DRIVER_0/counter_0/sig_cnt_reg[0]/C
                            (rising edge-triggered cell FDRE clocked by sys_clk_pin  {rise@0.000ns fall@5.000ns period=10.000ns})
  Destination:            seg[3]
                            (output port)
  Path Group:             (none)
  Path Type:              Max at Slow Process Corner
  Data Path Delay:        10.269ns  (logic 4.656ns (45.334%)  route 5.614ns (54.666%))
  Logic Levels:           4  (LUT4=1 LUT6=2 OBUF=1)
  Clock Uncertainty:      0.025ns  ((TSJ^2 + TIJ^2)^1/2 + DJ) / 2 + PE
    Total System Jitter     (TSJ):    0.050ns
    Total Input Jitter      (TIJ):    0.000ns
    Discrete Jitter          (DJ):    0.000ns
    Phase Error              (PE):    0.000ns

    Location             Delay type                Incr(ns)  Path(ns)    Netlist Resource(s)
  -------------------------------------------------------------------    -------------------
                         (clock sys_clk_pin rise edge)
                                                      0.000     0.000 r  
    E3                                                0.000     0.000 r  clk (IN)
                         net (fo=0)                   0.000     0.000    clk
    E3                   IBUF (Prop_ibuf_I_O)         1.489     1.489 r  clk_IBUF_inst/O
                         net (fo=1, routed)           1.967     3.455    clk_IBUF
    BUFGCTRL_X0Y16       BUFG (Prop_bufg_I_O)         0.096     3.551 r  clk_IBUF_BUFG_inst/O
                         net (fo=330, routed)         1.630     5.182    DISPLAY_DRIVER_0/counter_0/CLK
    SLICE_X6Y34          FDRE                                         r  DISPLAY_DRIVER_0/counter_0/sig_cnt_reg[0]/C
  -------------------------------------------------------------------    -------------------
    SLICE_X6Y34          FDRE (Prop_fdre_C_Q)         0.518     5.700 r  DISPLAY_DRIVER_0/counter_0/sig_cnt_reg[0]/Q
                         net (fo=18, routed)          1.178     6.878    PARAMETER_0/seg_OBUF[6]_inst_i_3_1
    SLICE_X5Y32          LUT6 (Prop_lut6_I4_O)        0.124     7.002 r  PARAMETER_0/seg_OBUF[6]_inst_i_8/O
                         net (fo=1, routed)           0.649     7.650    PARAMETER_0/seg_OBUF[6]_inst_i_8_n_0
    SLICE_X3Y32          LUT6 (Prop_lut6_I5_O)        0.124     7.774 r  PARAMETER_0/seg_OBUF[6]_inst_i_4/O
                         net (fo=7, routed)           0.974     8.748    PARAMETER_0/seg_OBUF[6]_inst_i_4_n_0
    SLICE_X0Y34          LUT4 (Prop_lut4_I1_O)        0.152     8.900 r  PARAMETER_0/seg_OBUF[3]_inst_i_1/O
                         net (fo=1, routed)           2.813    11.714    seg_OBUF[3]
    K13                  OBUF (Prop_obuf_I_O)         3.738    15.451 r  seg_OBUF[3]_inst/O
                         net (fo=0)                   0.000    15.451    seg[3]
    K13                                                               r  seg[3] (OUT)
  -------------------------------------------------------------------    -------------------

Slack:                    inf
  Source:                 DB_LEFT/debounced_reg/C
                            (rising edge-triggered cell FDRE clocked by sys_clk_pin  {rise@0.000ns fall@5.000ns period=10.000ns})
  Destination:            an[2]
                            (output port)
  Path Group:             (none)
  Path Type:              Max at Slow Process Corner
  Data Path Delay:        10.167ns  (logic 4.542ns (44.672%)  route 5.625ns (55.328%))
  Logic Levels:           3  (LUT5=2 OBUF=1)
  Clock Uncertainty:      0.025ns  ((TSJ^2 + TIJ^2)^1/2 + DJ) / 2 + PE
    Total System Jitter     (TSJ):    0.050ns
    Total Input Jitter      (TIJ):    0.000ns
    Discrete Jitter          (DJ):    0.000ns
    Phase Error              (PE):    0.000ns

    Location             Delay type                Incr(ns)  Path(ns)    Netlist Resource(s)
  -------------------------------------------------------------------    -------------------
                         (clock sys_clk_pin rise edge)
                                                      0.000     0.000 r  
    E3                                                0.000     0.000 r  clk (IN)
                         net (fo=0)                   0.000     0.000    clk
    E3                   IBUF (Prop_ibuf_I_O)         1.489     1.489 r  clk_IBUF_inst/O
                         net (fo=1, routed)           1.967     3.455    clk_IBUF
    BUFGCTRL_X0Y16       BUFG (Prop_bufg_I_O)         0.096     3.551 r  clk_IBUF_BUFG_inst/O
                         net (fo=330, routed)         1.554     5.106    DB_LEFT/CLK
    SLICE_X14Y27         FDRE                                         r  DB_LEFT/debounced_reg/C
  -------------------------------------------------------------------    -------------------
    SLICE_X14Y27         FDRE (Prop_fdre_C_Q)         0.518     5.624 f  DB_LEFT/debounced_reg/Q
                         net (fo=8, routed)           1.766     7.390    DB_UP/sig_btnl_pressd_deb
    SLICE_X2Y31          LUT5 (Prop_lut5_I2_O)        0.124     7.514 r  DB_UP/an_OBUF[7]_inst_i_2/O
                         net (fo=7, routed)           1.102     8.616    DISPLAY_DRIVER_0/counter_0/an[2]
    SLICE_X6Y34          LUT5 (Prop_lut5_I1_O)        0.150     8.766 r  DISPLAY_DRIVER_0/counter_0/an_OBUF[2]_inst_i_1/O
                         net (fo=1, routed)           2.757    11.523    an_OBUF[2]
    T9                   OBUF (Prop_obuf_I_O)         3.750    15.273 r  an_OBUF[2]_inst/O
                         net (fo=0)                   0.000    15.273    an[2]
    T9                                                                r  an[2] (OUT)
  -------------------------------------------------------------------    -------------------

Slack:                    inf
  Source:                 DB_LEFT/debounced_reg/C
                            (rising edge-triggered cell FDRE clocked by sys_clk_pin  {rise@0.000ns fall@5.000ns period=10.000ns})
  Destination:            an[1]
                            (output port)
  Path Group:             (none)
  Path Type:              Max at Slow Process Corner
  Data Path Delay:        10.071ns  (logic 4.573ns (45.411%)  route 5.498ns (54.589%))
  Logic Levels:           3  (LUT5=2 OBUF=1)
  Clock Uncertainty:      0.025ns  ((TSJ^2 + TIJ^2)^1/2 + DJ) / 2 + PE
    Total System Jitter     (TSJ):    0.050ns
    Total Input Jitter      (TIJ):    0.000ns
    Discrete Jitter          (DJ):    0.000ns
    Phase Error              (PE):    0.000ns

    Location             Delay type                Incr(ns)  Path(ns)    Netlist Resource(s)
  -------------------------------------------------------------------    -------------------
                         (clock sys_clk_pin rise edge)
                                                      0.000     0.000 r  
    E3                                                0.000     0.000 r  clk (IN)
                         net (fo=0)                   0.000     0.000    clk
    E3                   IBUF (Prop_ibuf_I_O)         1.489     1.489 r  clk_IBUF_inst/O
                         net (fo=1, routed)           1.967     3.455    clk_IBUF
    BUFGCTRL_X0Y16       BUFG (Prop_bufg_I_O)         0.096     3.551 r  clk_IBUF_BUFG_inst/O
                         net (fo=330, routed)         1.554     5.106    DB_LEFT/CLK
    SLICE_X14Y27         FDRE                                         r  DB_LEFT/debounced_reg/C
  -------------------------------------------------------------------    -------------------
    SLICE_X14Y27         FDRE (Prop_fdre_C_Q)         0.518     5.624 f  DB_LEFT/debounced_reg/Q
                         net (fo=8, routed)           1.766     7.390    DB_UP/sig_btnl_pressd_deb
    SLICE_X2Y31          LUT5 (Prop_lut5_I2_O)        0.124     7.514 r  DB_UP/an_OBUF[7]_inst_i_2/O
                         net (fo=7, routed)           1.303     8.817    DISPLAY_DRIVER_0/counter_0/an[2]
    SLICE_X6Y34          LUT5 (Prop_lut5_I1_O)        0.152     8.969 r  DISPLAY_DRIVER_0/counter_0/an_OBUF[1]_inst_i_1/O
                         net (fo=1, routed)           2.428    11.397    an_OBUF[1]
    J18                  OBUF (Prop_obuf_I_O)         3.779    15.177 r  an_OBUF[1]_inst/O
                         net (fo=0)                   0.000    15.177    an[1]
    J18                                                               r  an[1] (OUT)
  -------------------------------------------------------------------    -------------------

Slack:                    inf
  Source:                 PARAMETER_0/bcd_digits_reg[1][1]/C
                            (rising edge-triggered cell FDRE clocked by sys_clk_pin  {rise@0.000ns fall@5.000ns period=10.000ns})
  Destination:            seg[5]
                            (output port)
  Path Group:             (none)
  Path Type:              Max at Slow Process Corner
  Data Path Delay:        9.747ns  (logic 4.426ns (45.402%)  route 5.322ns (54.598%))
  Logic Levels:           4  (LUT4=1 LUT6=2 OBUF=1)
  Clock Uncertainty:      0.025ns  ((TSJ^2 + TIJ^2)^1/2 + DJ) / 2 + PE
    Total System Jitter     (TSJ):    0.050ns
    Total Input Jitter      (TIJ):    0.000ns
    Discrete Jitter          (DJ):    0.000ns
    Phase Error              (PE):    0.000ns

    Location             Delay type                Incr(ns)  Path(ns)    Netlist Resource(s)
  -------------------------------------------------------------------    -------------------
                         (clock sys_clk_pin rise edge)
                                                      0.000     0.000 r  
    E3                                                0.000     0.000 r  clk (IN)
                         net (fo=0)                   0.000     0.000    clk
    E3                   IBUF (Prop_ibuf_I_O)         1.489     1.489 r  clk_IBUF_inst/O
                         net (fo=1, routed)           1.967     3.455    clk_IBUF
    BUFGCTRL_X0Y16       BUFG (Prop_bufg_I_O)         0.096     3.551 r  clk_IBUF_BUFG_inst/O
                         net (fo=330, routed)         1.625     5.177    PARAMETER_0/CLK
    SLICE_X6Y30          FDRE                                         r  PARAMETER_0/bcd_digits_reg[1][1]/C
  -------------------------------------------------------------------    -------------------
    SLICE_X6Y30          FDRE (Prop_fdre_C_Q)         0.518     5.695 r  PARAMETER_0/bcd_digits_reg[1][1]/Q
                         net (fo=8, routed)           1.165     6.859    PARAMETER_0/bcd_digits_reg[1][1]
    SLICE_X6Y33          LUT6 (Prop_lut6_I3_O)        0.124     6.983 r  PARAMETER_0/seg_OBUF[6]_inst_i_9/O
                         net (fo=1, routed)           0.800     7.784    PARAMETER_0/seg_OBUF[6]_inst_i_9_n_0
    SLICE_X5Y33          LUT6 (Prop_lut6_I5_O)        0.124     7.908 r  PARAMETER_0/seg_OBUF[6]_inst_i_5/O
                         net (fo=7, routed)           0.581     8.489    PARAMETER_0/seg_OBUF[6]_inst_i_5_n_0
    SLICE_X0Y33          LUT4 (Prop_lut4_I2_O)        0.124     8.613 r  PARAMETER_0/seg_OBUF[5]_inst_i_1/O
                         net (fo=1, routed)           2.776    11.389    seg_OBUF[5]
    R10                  OBUF (Prop_obuf_I_O)         3.536    14.924 r  seg_OBUF[5]_inst/O
                         net (fo=0)                   0.000    14.924    seg[5]
    R10                                                               r  seg[5] (OUT)
  -------------------------------------------------------------------    -------------------

Slack:                    inf
  Source:                 PARAMETER_0/bcd_digits_reg[1][3]/C
                            (rising edge-triggered cell FDRE clocked by sys_clk_pin  {rise@0.000ns fall@5.000ns period=10.000ns})
  Destination:            seg[1]
                            (output port)
  Path Group:             (none)
  Path Type:              Max at Slow Process Corner
  Data Path Delay:        9.595ns  (logic 4.426ns (46.134%)  route 5.168ns (53.866%))
  Logic Levels:           4  (LUT4=1 LUT6=2 OBUF=1)
  Clock Uncertainty:      0.025ns  ((TSJ^2 + TIJ^2)^1/2 + DJ) / 2 + PE
    Total System Jitter     (TSJ):    0.050ns
    Total Input Jitter      (TIJ):    0.000ns
    Discrete Jitter          (DJ):    0.000ns
    Phase Error              (PE):    0.000ns

    Location             Delay type                Incr(ns)  Path(ns)    Netlist Resource(s)
  -------------------------------------------------------------------    -------------------
                         (clock sys_clk_pin rise edge)
                                                      0.000     0.000 r  
    E3                                                0.000     0.000 r  clk (IN)
                         net (fo=0)                   0.000     0.000    clk
    E3                   IBUF (Prop_ibuf_I_O)         1.489     1.489 r  clk_IBUF_inst/O
                         net (fo=1, routed)           1.967     3.455    clk_IBUF
    BUFGCTRL_X0Y16       BUFG (Prop_bufg_I_O)         0.096     3.551 r  clk_IBUF_BUFG_inst/O
                         net (fo=330, routed)         1.625     5.177    PARAMETER_0/CLK
    SLICE_X6Y30          FDRE                                         r  PARAMETER_0/bcd_digits_reg[1][3]/C
  -------------------------------------------------------------------    -------------------
    SLICE_X6Y30          FDRE (Prop_fdre_C_Q)         0.518     5.695 f  PARAMETER_0/bcd_digits_reg[1][3]/Q
                         net (fo=6, routed)           1.145     6.840    PARAMETER_0/bcd_digits_reg[1][3]
    SLICE_X3Y32          LUT6 (Prop_lut6_I3_O)        0.124     6.964 f  PARAMETER_0/seg_OBUF[6]_inst_i_7/O
                         net (fo=1, routed)           0.667     7.630    PARAMETER_0/seg_OBUF[6]_inst_i_7_n_0
    SLICE_X3Y32          LUT6 (Prop_lut6_I0_O)        0.124     7.754 r  PARAMETER_0/seg_OBUF[6]_inst_i_3/O
                         net (fo=7, routed)           0.989     8.743    PARAMETER_0/seg_OBUF[6]_inst_i_3_n_0
    SLICE_X0Y33          LUT4 (Prop_lut4_I3_O)        0.124     8.867 r  PARAMETER_0/seg_OBUF[1]_inst_i_1/O
                         net (fo=1, routed)           2.368    11.235    seg_OBUF[1]
    T11                  OBUF (Prop_obuf_I_O)         3.536    14.772 r  seg_OBUF[1]_inst/O
                         net (fo=0)                   0.000    14.772    seg[1]
    T11                                                               r  seg[1] (OUT)
  -------------------------------------------------------------------    -------------------

Slack:                    inf
  Source:                 DISPLAY_DRIVER_0/counter_0/sig_cnt_reg[0]/C
                            (rising edge-triggered cell FDRE clocked by sys_clk_pin  {rise@0.000ns fall@5.000ns period=10.000ns})
  Destination:            seg[4]
                            (output port)
  Path Group:             (none)
  Path Type:              Max at Slow Process Corner
  Data Path Delay:        9.560ns  (logic 4.632ns (48.447%)  route 4.928ns (51.553%))
  Logic Levels:           4  (LUT4=1 LUT6=2 OBUF=1)
  Clock Uncertainty:      0.025ns  ((TSJ^2 + TIJ^2)^1/2 + DJ) / 2 + PE
    Total System Jitter     (TSJ):    0.050ns
    Total Input Jitter      (TIJ):    0.000ns
    Discrete Jitter          (DJ):    0.000ns
    Phase Error              (PE):    0.000ns

    Location             Delay type                Incr(ns)  Path(ns)    Netlist Resource(s)
  -------------------------------------------------------------------    -------------------
                         (clock sys_clk_pin rise edge)
                                                      0.000     0.000 r  
    E3                                                0.000     0.000 r  clk (IN)
                         net (fo=0)                   0.000     0.000    clk
    E3                   IBUF (Prop_ibuf_I_O)         1.489     1.489 r  clk_IBUF_inst/O
                         net (fo=1, routed)           1.967     3.455    clk_IBUF
    BUFGCTRL_X0Y16       BUFG (Prop_bufg_I_O)         0.096     3.551 r  clk_IBUF_BUFG_inst/O
                         net (fo=330, routed)         1.630     5.182    DISPLAY_DRIVER_0/counter_0/CLK
    SLICE_X6Y34          FDRE                                         r  DISPLAY_DRIVER_0/counter_0/sig_cnt_reg[0]/C
  -------------------------------------------------------------------    -------------------
    SLICE_X6Y34          FDRE (Prop_fdre_C_Q)         0.518     5.700 r  DISPLAY_DRIVER_0/counter_0/sig_cnt_reg[0]/Q
                         net (fo=18, routed)          1.178     6.878    PARAMETER_0/seg_OBUF[6]_inst_i_3_1
    SLICE_X5Y32          LUT6 (Prop_lut6_I4_O)        0.124     7.002 r  PARAMETER_0/seg_OBUF[6]_inst_i_8/O
                         net (fo=1, routed)           0.649     7.650    PARAMETER_0/seg_OBUF[6]_inst_i_8_n_0
    SLICE_X3Y32          LUT6 (Prop_lut6_I5_O)        0.124     7.774 r  PARAMETER_0/seg_OBUF[6]_inst_i_4/O
                         net (fo=7, routed)           0.977     8.751    PARAMETER_0/seg_OBUF[6]_inst_i_4_n_0
    SLICE_X0Y34          LUT4 (Prop_lut4_I0_O)        0.152     8.903 r  PARAMETER_0/seg_OBUF[4]_inst_i_1/O
                         net (fo=1, routed)           2.125    11.028    seg_OBUF[4]
    K16                  OBUF (Prop_obuf_I_O)         3.714    14.742 r  seg_OBUF[4]_inst/O
                         net (fo=0)                   0.000    14.742    seg[4]
    K16                                                               r  seg[4] (OUT)
  -------------------------------------------------------------------    -------------------

Slack:                    inf
  Source:                 DB_LEFT/debounced_reg/C
                            (rising edge-triggered cell FDRE clocked by sys_clk_pin  {rise@0.000ns fall@5.000ns period=10.000ns})
  Destination:            an[3]
                            (output port)
  Path Group:             (none)
  Path Type:              Max at Slow Process Corner
  Data Path Delay:        9.621ns  (logic 4.312ns (44.815%)  route 5.309ns (55.185%))
  Logic Levels:           3  (LUT5=1 LUT6=1 OBUF=1)
  Clock Uncertainty:      0.025ns  ((TSJ^2 + TIJ^2)^1/2 + DJ) / 2 + PE
    Total System Jitter     (TSJ):    0.050ns
    Total Input Jitter      (TIJ):    0.000ns
    Discrete Jitter          (DJ):    0.000ns
    Phase Error              (PE):    0.000ns

    Location             Delay type                Incr(ns)  Path(ns)    Netlist Resource(s)
  -------------------------------------------------------------------    -------------------
                         (clock sys_clk_pin rise edge)
                                                      0.000     0.000 r  
    E3                                                0.000     0.000 r  clk (IN)
                         net (fo=0)                   0.000     0.000    clk
    E3                   IBUF (Prop_ibuf_I_O)         1.489     1.489 r  clk_IBUF_inst/O
                         net (fo=1, routed)           1.967     3.455    clk_IBUF
    BUFGCTRL_X0Y16       BUFG (Prop_bufg_I_O)         0.096     3.551 r  clk_IBUF_BUFG_inst/O
                         net (fo=330, routed)         1.554     5.106    DB_LEFT/CLK
    SLICE_X14Y27         FDRE                                         r  DB_LEFT/debounced_reg/C
  -------------------------------------------------------------------    -------------------
    SLICE_X14Y27         FDRE (Prop_fdre_C_Q)         0.518     5.624 f  DB_LEFT/debounced_reg/Q
                         net (fo=8, routed)           1.766     7.390    DB_UP/sig_btnl_pressd_deb
    SLICE_X2Y31          LUT5 (Prop_lut5_I2_O)        0.124     7.514 r  DB_UP/an_OBUF[7]_inst_i_2/O
                         net (fo=7, routed)           1.115     8.629    PARAMETER_0/an[3]
    SLICE_X2Y35          LUT6 (Prop_lut6_I3_O)        0.124     8.753 r  PARAMETER_0/an_OBUF[3]_inst_i_1/O
                         net (fo=1, routed)           2.428    11.181    an_OBUF[3]
    J14                  OBUF (Prop_obuf_I_O)         3.546    14.727 r  an_OBUF[3]_inst/O
                         net (fo=0)                   0.000    14.727    an[3]
    J14                                                               r  an[3] (OUT)
  -------------------------------------------------------------------    -------------------

Slack:                    inf
  Source:                 DISPLAY_DRIVER_0/counter_0/sig_cnt_reg[2]/C
                            (rising edge-triggered cell FDRE clocked by sys_clk_pin  {rise@0.000ns fall@5.000ns period=10.000ns})
  Destination:            an[6]
                            (output port)
  Path Group:             (none)
  Path Type:              Max at Slow Process Corner
  Data Path Delay:        9.341ns  (logic 4.298ns (46.015%)  route 5.043ns (53.985%))
  Logic Levels:           2  (LUT3=1 OBUF=1)
  Clock Uncertainty:      0.025ns  ((TSJ^2 + TIJ^2)^1/2 + DJ) / 2 + PE
    Total System Jitter     (TSJ):    0.050ns
    Total Input Jitter      (TIJ):    0.000ns
    Discrete Jitter          (DJ):    0.000ns
    Phase Error              (PE):    0.000ns

    Location             Delay type                Incr(ns)  Path(ns)    Netlist Resource(s)
  -------------------------------------------------------------------    -------------------
                         (clock sys_clk_pin rise edge)
                                                      0.000     0.000 r  
    E3                                                0.000     0.000 r  clk (IN)
                         net (fo=0)                   0.000     0.000    clk
    E3                   IBUF (Prop_ibuf_I_O)         1.489     1.489 r  clk_IBUF_inst/O
                         net (fo=1, routed)           1.967     3.455    clk_IBUF
    BUFGCTRL_X0Y16       BUFG (Prop_bufg_I_O)         0.096     3.551 r  clk_IBUF_BUFG_inst/O
                         net (fo=330, routed)         1.630     5.182    DISPLAY_DRIVER_0/counter_0/CLK
    SLICE_X6Y34          FDRE                                         r  DISPLAY_DRIVER_0/counter_0/sig_cnt_reg[2]/C
  -------------------------------------------------------------------    -------------------
    SLICE_X6Y34          FDRE (Prop_fdre_C_Q)         0.478     5.660 f  DISPLAY_DRIVER_0/counter_0/sig_cnt_reg[2]/Q
                         net (fo=13, routed)          1.124     6.784    DISPLAY_DRIVER_0/counter_0/sig_cnt_reg[2]_0
    SLICE_X6Y34          LUT3 (Prop_lut3_I2_O)        0.296     7.080 r  DISPLAY_DRIVER_0/counter_0/an_OBUF[6]_inst_i_1/O
                         net (fo=1, routed)           3.918    10.998    an_OBUF[6]
    K2                   OBUF (Prop_obuf_I_O)         3.524    14.522 r  an_OBUF[6]_inst/O
                         net (fo=0)                   0.000    14.522    an[6]
    K2                                                                r  an[6] (OUT)
  -------------------------------------------------------------------    -------------------

Slack:                    inf
  Source:                 DISPLAY_DRIVER_0/counter_0/sig_cnt_reg[0]/C
                            (rising edge-triggered cell FDRE clocked by sys_clk_pin  {rise@0.000ns fall@5.000ns period=10.000ns})
  Destination:            seg[2]
                            (output port)
  Path Group:             (none)
  Path Type:              Max at Slow Process Corner
  Data Path Delay:        9.315ns  (logic 4.408ns (47.319%)  route 4.907ns (52.681%))
  Logic Levels:           4  (LUT4=1 LUT6=2 OBUF=1)
  Clock Uncertainty:      0.025ns  ((TSJ^2 + TIJ^2)^1/2 + DJ) / 2 + PE
    Total System Jitter     (TSJ):    0.050ns
    Total Input Jitter      (TIJ):    0.000ns
    Discrete Jitter          (DJ):    0.000ns
    Phase Error              (PE):    0.000ns

    Location             Delay type                Incr(ns)  Path(ns)    Netlist Resource(s)
  -------------------------------------------------------------------    -------------------
                         (clock sys_clk_pin rise edge)
                                                      0.000     0.000 r  
    E3                                                0.000     0.000 r  clk (IN)
                         net (fo=0)                   0.000     0.000    clk
    E3                   IBUF (Prop_ibuf_I_O)         1.489     1.489 r  clk_IBUF_inst/O
                         net (fo=1, routed)           1.967     3.455    clk_IBUF
    BUFGCTRL_X0Y16       BUFG (Prop_bufg_I_O)         0.096     3.551 r  clk_IBUF_BUFG_inst/O
                         net (fo=330, routed)         1.630     5.182    DISPLAY_DRIVER_0/counter_0/CLK
    SLICE_X6Y34          FDRE                                         r  DISPLAY_DRIVER_0/counter_0/sig_cnt_reg[0]/C
  -------------------------------------------------------------------    -------------------
    SLICE_X6Y34          FDRE (Prop_fdre_C_Q)         0.518     5.700 r  DISPLAY_DRIVER_0/counter_0/sig_cnt_reg[0]/Q
                         net (fo=18, routed)          1.178     6.878    PARAMETER_0/seg_OBUF[6]_inst_i_3_1
    SLICE_X5Y32          LUT6 (Prop_lut6_I4_O)        0.124     7.002 r  PARAMETER_0/seg_OBUF[6]_inst_i_8/O
                         net (fo=1, routed)           0.649     7.650    PARAMETER_0/seg_OBUF[6]_inst_i_8_n_0
    SLICE_X3Y32          LUT6 (Prop_lut6_I5_O)        0.124     7.774 r  PARAMETER_0/seg_OBUF[6]_inst_i_4/O
                         net (fo=7, routed)           0.977     8.751    PARAMETER_0/seg_OBUF[6]_inst_i_4_n_0
    SLICE_X0Y34          LUT4 (Prop_lut4_I0_O)        0.124     8.875 r  PARAMETER_0/seg_OBUF[2]_inst_i_1/O
                         net (fo=1, routed)           2.104    10.979    seg_OBUF[2]
    P15                  OBUF (Prop_obuf_I_O)         3.518    14.497 r  seg_OBUF[2]_inst/O
                         net (fo=0)                   0.000    14.497    seg[2]
    P15                                                               r  seg[2] (OUT)
  -------------------------------------------------------------------    -------------------





Min Delay Paths
--------------------------------------------------------------------------------------
Slack:                    inf
  Source:                 DISPLAY_DRIVER_0/counter_0/sig_cnt_reg[2]/C
                            (rising edge-triggered cell FDRE clocked by sys_clk_pin  {rise@0.000ns fall@5.000ns period=10.000ns})
  Destination:            an[4]
                            (output port)
  Path Group:             (none)
  Path Type:              Min at Fast Process Corner
  Data Path Delay:        2.265ns  (logic 1.482ns (65.420%)  route 0.783ns (34.580%))
  Logic Levels:           2  (LUT6=1 OBUF=1)
  Clock Uncertainty:      0.025ns  ((TSJ^2 + TIJ^2)^1/2 + DJ) / 2 + PE
    Total System Jitter     (TSJ):    0.050ns
    Total Input Jitter      (TIJ):    0.000ns
    Discrete Jitter          (DJ):    0.000ns
    Phase Error              (PE):    0.000ns

    Location             Delay type                Incr(ns)  Path(ns)    Netlist Resource(s)
  -------------------------------------------------------------------    -------------------
                         (clock sys_clk_pin rise edge)
                                                      0.000     0.000 r  
    E3                                                0.000     0.000 r  clk (IN)
                         net (fo=0)                   0.000     0.000    clk
    E3                   IBUF (Prop_ibuf_I_O)         0.257     0.257 r  clk_IBUF_inst/O
                         net (fo=1, routed)           0.631     0.888    clk_IBUF
    BUFGCTRL_X0Y16       BUFG (Prop_bufg_I_O)         0.026     0.914 r  clk_IBUF_BUFG_inst/O
                         net (fo=330, routed)         0.591     1.504    DISPLAY_DRIVER_0/counter_0/CLK
    SLICE_X6Y34          FDRE                                         r  DISPLAY_DRIVER_0/counter_0/sig_cnt_reg[2]/C
  -------------------------------------------------------------------    -------------------
    SLICE_X6Y34          FDRE (Prop_fdre_C_Q)         0.148     1.652 f  DISPLAY_DRIVER_0/counter_0/sig_cnt_reg[2]/Q
                         net (fo=13, routed)          0.392     2.044    PARAMETER_0/an[3]_1
    SLICE_X5Y35          LUT6 (Prop_lut6_I4_O)        0.098     2.142 r  PARAMETER_0/an_OBUF[4]_inst_i_1/O
                         net (fo=1, routed)           0.391     2.534    an_OBUF[4]
    P14                  OBUF (Prop_obuf_I_O)         1.236     3.769 r  an_OBUF[4]_inst/O
                         net (fo=0)                   0.000     3.769    an[4]
    P14                                                               r  an[4] (OUT)
  -------------------------------------------------------------------    -------------------

Slack:                    inf
  Source:                 DISPLAY_DRIVER_0/counter_0/sig_cnt_reg[1]/C
                            (rising edge-triggered cell FDRE clocked by sys_clk_pin  {rise@0.000ns fall@5.000ns period=10.000ns})
  Destination:            an[5]
                            (output port)
  Path Group:             (none)
  Path Type:              Min at Fast Process Corner
  Data Path Delay:        2.293ns  (logic 1.447ns (63.097%)  route 0.846ns (36.903%))
  Logic Levels:           2  (LUT5=1 OBUF=1)
  Clock Uncertainty:      0.025ns  ((TSJ^2 + TIJ^2)^1/2 + DJ) / 2 + PE
    Total System Jitter     (TSJ):    0.050ns
    Total Input Jitter      (TIJ):    0.000ns
    Discrete Jitter          (DJ):    0.000ns
    Phase Error              (PE):    0.000ns

    Location             Delay type                Incr(ns)  Path(ns)    Netlist Resource(s)
  -------------------------------------------------------------------    -------------------
                         (clock sys_clk_pin rise edge)
                                                      0.000     0.000 r  
    E3                                                0.000     0.000 r  clk (IN)
                         net (fo=0)                   0.000     0.000    clk
    E3                   IBUF (Prop_ibuf_I_O)         0.257     0.257 r  clk_IBUF_inst/O
                         net (fo=1, routed)           0.631     0.888    clk_IBUF
    BUFGCTRL_X0Y16       BUFG (Prop_bufg_I_O)         0.026     0.914 r  clk_IBUF_BUFG_inst/O
                         net (fo=330, routed)         0.591     1.504    DISPLAY_DRIVER_0/counter_0/CLK
    SLICE_X6Y34          FDRE                                         r  DISPLAY_DRIVER_0/counter_0/sig_cnt_reg[1]/C
  -------------------------------------------------------------------    -------------------
    SLICE_X6Y34          FDRE (Prop_fdre_C_Q)         0.164     1.668 r  DISPLAY_DRIVER_0/counter_0/sig_cnt_reg[1]/Q
                         net (fo=17, routed)          0.323     1.992    DISPLAY_DRIVER_0/counter_0/sig_cnt_reg[1]_0
    SLICE_X2Y34          LUT5 (Prop_lut5_I3_O)        0.045     2.037 r  DISPLAY_DRIVER_0/counter_0/an_OBUF[5]_inst_i_1/O
                         net (fo=1, routed)           0.523     2.560    an_OBUF[5]
    T14                  OBUF (Prop_obuf_I_O)         1.238     3.798 r  an_OBUF[5]_inst/O
                         net (fo=0)                   0.000     3.798    an[5]
    T14                                                               r  an[5] (OUT)
  -------------------------------------------------------------------    -------------------

Slack:                    inf
  Source:                 PARAMETER_0/bcd_digits_reg[7][3]/C
                            (rising edge-triggered cell FDRE clocked by sys_clk_pin  {rise@0.000ns fall@5.000ns period=10.000ns})
  Destination:            seg[0]
                            (output port)
  Path Group:             (none)
  Path Type:              Min at Fast Process Corner
  Data Path Delay:        2.325ns  (logic 1.493ns (64.232%)  route 0.832ns (35.768%))
  Logic Levels:           3  (LUT4=1 LUT6=1 OBUF=1)
  Clock Uncertainty:      0.025ns  ((TSJ^2 + TIJ^2)^1/2 + DJ) / 2 + PE
    Total System Jitter     (TSJ):    0.050ns
    Total Input Jitter      (TIJ):    0.000ns
    Discrete Jitter          (DJ):    0.000ns
    Phase Error              (PE):    0.000ns

    Location             Delay type                Incr(ns)  Path(ns)    Netlist Resource(s)
  -------------------------------------------------------------------    -------------------
                         (clock sys_clk_pin rise edge)
                                                      0.000     0.000 r  
    E3                                                0.000     0.000 r  clk (IN)
                         net (fo=0)                   0.000     0.000    clk
    E3                   IBUF (Prop_ibuf_I_O)         0.257     0.257 r  clk_IBUF_inst/O
                         net (fo=1, routed)           0.631     0.888    clk_IBUF
    BUFGCTRL_X0Y16       BUFG (Prop_bufg_I_O)         0.026     0.914 r  clk_IBUF_BUFG_inst/O
                         net (fo=330, routed)         0.592     1.505    PARAMETER_0/CLK
    SLICE_X2Y33          FDRE                                         r  PARAMETER_0/bcd_digits_reg[7][3]/C
  -------------------------------------------------------------------    -------------------
    SLICE_X2Y33          FDRE (Prop_fdre_C_Q)         0.164     1.669 f  PARAMETER_0/bcd_digits_reg[7][3]/Q
                         net (fo=6, routed)           0.185     1.855    PARAMETER_0/bcd_digits_reg[7][3]
    SLICE_X3Y32          LUT6 (Prop_lut6_I3_O)        0.045     1.900 r  PARAMETER_0/seg_OBUF[6]_inst_i_3/O
                         net (fo=7, routed)           0.221     2.121    PARAMETER_0/seg_OBUF[6]_inst_i_3_n_0
    SLICE_X0Y34          LUT4 (Prop_lut4_I0_O)        0.045     2.166 r  PARAMETER_0/seg_OBUF[0]_inst_i_1/O
                         net (fo=1, routed)           0.425     2.591    seg_OBUF[0]
    L18                  OBUF (Prop_obuf_I_O)         1.239     3.830 r  seg_OBUF[0]_inst/O
                         net (fo=0)                   0.000     3.830    seg[0]
    L18                                                               r  seg[0] (OUT)
  -------------------------------------------------------------------    -------------------

Slack:                    inf
  Source:                 PARAMETER_0/sig_selected_reg[1]/C
                            (rising edge-triggered cell FDSE clocked by sys_clk_pin  {rise@0.000ns fall@5.000ns period=10.000ns})
  Destination:            an[3]
                            (output port)
  Path Group:             (none)
  Path Type:              Min at Fast Process Corner
  Data Path Delay:        2.373ns  (logic 1.433ns (60.362%)  route 0.941ns (39.638%))
  Logic Levels:           2  (LUT6=1 OBUF=1)
  Clock Uncertainty:      0.025ns  ((TSJ^2 + TIJ^2)^1/2 + DJ) / 2 + PE
    Total System Jitter     (TSJ):    0.050ns
    Total Input Jitter      (TIJ):    0.000ns
    Discrete Jitter          (DJ):    0.000ns
    Phase Error              (PE):    0.000ns

    Location             Delay type                Incr(ns)  Path(ns)    Netlist Resource(s)
  -------------------------------------------------------------------    -------------------
                         (clock sys_clk_pin rise edge)
                                                      0.000     0.000 r  
    E3                                                0.000     0.000 r  clk (IN)
                         net (fo=0)                   0.000     0.000    clk
    E3                   IBUF (Prop_ibuf_I_O)         0.257     0.257 r  clk_IBUF_inst/O
                         net (fo=1, routed)           0.631     0.888    clk_IBUF
    BUFGCTRL_X0Y16       BUFG (Prop_bufg_I_O)         0.026     0.914 r  clk_IBUF_BUFG_inst/O
                         net (fo=330, routed)         0.590     1.503    PARAMETER_0/CLK
    SLICE_X3Y31          FDSE                                         r  PARAMETER_0/sig_selected_reg[1]/C
  -------------------------------------------------------------------    -------------------
    SLICE_X3Y31          FDSE (Prop_fdse_C_Q)         0.141     1.644 r  PARAMETER_0/sig_selected_reg[1]/Q
                         net (fo=24, routed)          0.322     1.967    PARAMETER_0/sig_selected_reg[2]_0[0]
    SLICE_X2Y35          LUT6 (Prop_lut6_I1_O)        0.045     2.012 r  PARAMETER_0/an_OBUF[3]_inst_i_1/O
                         net (fo=1, routed)           0.618     2.630    an_OBUF[3]
    J14                  OBUF (Prop_obuf_I_O)         1.247     3.877 r  an_OBUF[3]_inst/O
                         net (fo=0)                   0.000     3.877    an[3]
    J14                                                               r  an[3] (OUT)
  -------------------------------------------------------------------    -------------------

Slack:                    inf
  Source:                 DISPLAY_DRIVER_0/counter_0/sig_cnt_reg[1]/C
                            (rising edge-triggered cell FDRE clocked by sys_clk_pin  {rise@0.000ns fall@5.000ns period=10.000ns})
  Destination:            an[1]
                            (output port)
  Path Group:             (none)
  Path Type:              Min at Fast Process Corner
  Data Path Delay:        2.384ns  (logic 1.541ns (64.627%)  route 0.843ns (35.373%))
  Logic Levels:           2  (LUT5=1 OBUF=1)
  Clock Uncertainty:      0.025ns  ((TSJ^2 + TIJ^2)^1/2 + DJ) / 2 + PE
    Total System Jitter     (TSJ):    0.050ns
    Total Input Jitter      (TIJ):    0.000ns
    Discrete Jitter          (DJ):    0.000ns
    Phase Error              (PE):    0.000ns

    Location             Delay type                Incr(ns)  Path(ns)    Netlist Resource(s)
  -------------------------------------------------------------------    -------------------
                         (clock sys_clk_pin rise edge)
                                                      0.000     0.000 r  
    E3                                                0.000     0.000 r  clk (IN)
                         net (fo=0)                   0.000     0.000    clk
    E3                   IBUF (Prop_ibuf_I_O)         0.257     0.257 r  clk_IBUF_inst/O
                         net (fo=1, routed)           0.631     0.888    clk_IBUF
    BUFGCTRL_X0Y16       BUFG (Prop_bufg_I_O)         0.026     0.914 r  clk_IBUF_BUFG_inst/O
                         net (fo=330, routed)         0.591     1.504    DISPLAY_DRIVER_0/counter_0/CLK
    SLICE_X6Y34          FDRE                                         r  DISPLAY_DRIVER_0/counter_0/sig_cnt_reg[1]/C
  -------------------------------------------------------------------    -------------------
    SLICE_X6Y34          FDRE (Prop_fdre_C_Q)         0.164     1.668 r  DISPLAY_DRIVER_0/counter_0/sig_cnt_reg[1]/Q
                         net (fo=17, routed)          0.205     1.873    DISPLAY_DRIVER_0/counter_0/sig_cnt_reg[1]_0
    SLICE_X6Y34          LUT5 (Prop_lut5_I2_O)        0.048     1.921 r  DISPLAY_DRIVER_0/counter_0/an_OBUF[1]_inst_i_1/O
                         net (fo=1, routed)           0.638     2.560    an_OBUF[1]
    J18                  OBUF (Prop_obuf_I_O)         1.329     3.889 r  an_OBUF[1]_inst/O
                         net (fo=0)                   0.000     3.889    an[1]
    J18                                                               r  an[1] (OUT)
  -------------------------------------------------------------------    -------------------

Slack:                    inf
  Source:                 PARAMETER_0/bcd_digits_reg[7][1]/C
                            (rising edge-triggered cell FDRE clocked by sys_clk_pin  {rise@0.000ns fall@5.000ns period=10.000ns})
  Destination:            seg[2]
                            (output port)
  Path Group:             (none)
  Path Type:              Min at Fast Process Corner
  Data Path Delay:        2.408ns  (logic 1.473ns (61.167%)  route 0.935ns (38.833%))
  Logic Levels:           3  (LUT4=1 LUT6=1 OBUF=1)
  Clock Uncertainty:      0.025ns  ((TSJ^2 + TIJ^2)^1/2 + DJ) / 2 + PE
    Total System Jitter     (TSJ):    0.050ns
    Total Input Jitter      (TIJ):    0.000ns
    Discrete Jitter          (DJ):    0.000ns
    Phase Error              (PE):    0.000ns

    Location             Delay type                Incr(ns)  Path(ns)    Netlist Resource(s)
  -------------------------------------------------------------------    -------------------
                         (clock sys_clk_pin rise edge)
                                                      0.000     0.000 r  
    E3                                                0.000     0.000 r  clk (IN)
                         net (fo=0)                   0.000     0.000    clk
    E3                   IBUF (Prop_ibuf_I_O)         0.257     0.257 r  clk_IBUF_inst/O
                         net (fo=1, routed)           0.631     0.888    clk_IBUF
    BUFGCTRL_X0Y16       BUFG (Prop_bufg_I_O)         0.026     0.914 r  clk_IBUF_BUFG_inst/O
                         net (fo=330, routed)         0.593     1.506    PARAMETER_0/CLK
    SLICE_X2Y34          FDRE                                         r  PARAMETER_0/bcd_digits_reg[7][1]/C
  -------------------------------------------------------------------    -------------------
    SLICE_X2Y34          FDRE (Prop_fdre_C_Q)         0.164     1.670 r  PARAMETER_0/bcd_digits_reg[7][1]/Q
                         net (fo=15, routed)          0.143     1.813    PARAMETER_0/Q[1]
    SLICE_X5Y33          LUT6 (Prop_lut6_I0_O)        0.045     1.858 r  PARAMETER_0/seg_OBUF[6]_inst_i_5/O
                         net (fo=7, routed)           0.262     2.120    PARAMETER_0/seg_OBUF[6]_inst_i_5_n_0
    SLICE_X0Y34          LUT4 (Prop_lut4_I1_O)        0.045     2.165 r  PARAMETER_0/seg_OBUF[2]_inst_i_1/O
                         net (fo=1, routed)           0.531     2.695    seg_OBUF[2]
    P15                  OBUF (Prop_obuf_I_O)         1.219     3.914 r  seg_OBUF[2]_inst/O
                         net (fo=0)                   0.000     3.914    seg[2]
    P15                                                               r  seg[2] (OUT)
  -------------------------------------------------------------------    -------------------

Slack:                    inf
  Source:                 PARAMETER_0/sig_selected_reg[1]/C
                            (rising edge-triggered cell FDSE clocked by sys_clk_pin  {rise@0.000ns fall@5.000ns period=10.000ns})
  Destination:            an[7]
                            (output port)
  Path Group:             (none)
  Path Type:              Min at Fast Process Corner
  Data Path Delay:        2.416ns  (logic 1.421ns (58.829%)  route 0.995ns (41.171%))
  Logic Levels:           2  (LUT6=1 OBUF=1)
  Clock Uncertainty:      0.025ns  ((TSJ^2 + TIJ^2)^1/2 + DJ) / 2 + PE
    Total System Jitter     (TSJ):    0.050ns
    Total Input Jitter      (TIJ):    0.000ns
    Discrete Jitter          (DJ):    0.000ns
    Phase Error              (PE):    0.000ns

    Location             Delay type                Incr(ns)  Path(ns)    Netlist Resource(s)
  -------------------------------------------------------------------    -------------------
                         (clock sys_clk_pin rise edge)
                                                      0.000     0.000 r  
    E3                                                0.000     0.000 r  clk (IN)
                         net (fo=0)                   0.000     0.000    clk
    E3                   IBUF (Prop_ibuf_I_O)         0.257     0.257 r  clk_IBUF_inst/O
                         net (fo=1, routed)           0.631     0.888    clk_IBUF
    BUFGCTRL_X0Y16       BUFG (Prop_bufg_I_O)         0.026     0.914 r  clk_IBUF_BUFG_inst/O
                         net (fo=330, routed)         0.590     1.503    PARAMETER_0/CLK
    SLICE_X3Y31          FDSE                                         r  PARAMETER_0/sig_selected_reg[1]/C
  -------------------------------------------------------------------    -------------------
    SLICE_X3Y31          FDSE (Prop_fdse_C_Q)         0.141     1.644 r  PARAMETER_0/sig_selected_reg[1]/Q
                         net (fo=24, routed)          0.218     1.862    DISPLAY_DRIVER_0/counter_0/sig_selected[0]
    SLICE_X2Y32          LUT6 (Prop_lut6_I1_O)        0.045     1.907 r  DISPLAY_DRIVER_0/counter_0/an_OBUF[7]_inst_i_1/O
                         net (fo=1, routed)           0.777     2.684    an_OBUF[7]
    U13                  OBUF (Prop_obuf_I_O)         1.235     3.919 r  an_OBUF[7]_inst/O
                         net (fo=0)                   0.000     3.919    an[7]
    U13                                                               r  an[7] (OUT)
  -------------------------------------------------------------------    -------------------

Slack:                    inf
  Source:                 PARAMETER_0/bcd_digits_reg[7][1]/C
                            (rising edge-triggered cell FDRE clocked by sys_clk_pin  {rise@0.000ns fall@5.000ns period=10.000ns})
  Destination:            seg[4]
                            (output port)
  Path Group:             (none)
  Path Type:              Min at Fast Process Corner
  Data Path Delay:        2.466ns  (logic 1.528ns (61.951%)  route 0.938ns (38.049%))
  Logic Levels:           3  (LUT4=1 LUT6=1 OBUF=1)
  Clock Uncertainty:      0.025ns  ((TSJ^2 + TIJ^2)^1/2 + DJ) / 2 + PE
    Total System Jitter     (TSJ):    0.050ns
    Total Input Jitter      (TIJ):    0.000ns
    Discrete Jitter          (DJ):    0.000ns
    Phase Error              (PE):    0.000ns

    Location             Delay type                Incr(ns)  Path(ns)    Netlist Resource(s)
  -------------------------------------------------------------------    -------------------
                         (clock sys_clk_pin rise edge)
                                                      0.000     0.000 r  
    E3                                                0.000     0.000 r  clk (IN)
                         net (fo=0)                   0.000     0.000    clk
    E3                   IBUF (Prop_ibuf_I_O)         0.257     0.257 r  clk_IBUF_inst/O
                         net (fo=1, routed)           0.631     0.888    clk_IBUF
    BUFGCTRL_X0Y16       BUFG (Prop_bufg_I_O)         0.026     0.914 r  clk_IBUF_BUFG_inst/O
                         net (fo=330, routed)         0.593     1.506    PARAMETER_0/CLK
    SLICE_X2Y34          FDRE                                         r  PARAMETER_0/bcd_digits_reg[7][1]/C
  -------------------------------------------------------------------    -------------------
    SLICE_X2Y34          FDRE (Prop_fdre_C_Q)         0.164     1.670 r  PARAMETER_0/bcd_digits_reg[7][1]/Q
                         net (fo=15, routed)          0.143     1.813    PARAMETER_0/Q[1]
    SLICE_X5Y33          LUT6 (Prop_lut6_I0_O)        0.045     1.858 r  PARAMETER_0/seg_OBUF[6]_inst_i_5/O
                         net (fo=7, routed)           0.262     2.120    PARAMETER_0/seg_OBUF[6]_inst_i_5_n_0
    SLICE_X0Y34          LUT4 (Prop_lut4_I1_O)        0.045     2.165 r  PARAMETER_0/seg_OBUF[4]_inst_i_1/O
                         net (fo=1, routed)           0.534     2.699    seg_OBUF[4]
    K16                  OBUF (Prop_obuf_I_O)         1.274     3.972 r  seg_OBUF[4]_inst/O
                         net (fo=0)                   0.000     3.972    seg[4]
    K16                                                               r  seg[4] (OUT)
  -------------------------------------------------------------------    -------------------

Slack:                    inf
  Source:                 PARAMETER_0/sig_selected_reg[2]/C
                            (rising edge-triggered cell FDSE clocked by sys_clk_pin  {rise@0.000ns fall@5.000ns period=10.000ns})
  Destination:            an[0]
                            (output port)
  Path Group:             (none)
  Path Type:              Min at Fast Process Corner
  Data Path Delay:        2.487ns  (logic 1.473ns (59.236%)  route 1.014ns (40.764%))
  Logic Levels:           2  (LUT6=1 OBUF=1)
  Clock Uncertainty:      0.025ns  ((TSJ^2 + TIJ^2)^1/2 + DJ) / 2 + PE
    Total System Jitter     (TSJ):    0.050ns
    Total Input Jitter      (TIJ):    0.000ns
    Discrete Jitter          (DJ):    0.000ns
    Phase Error              (PE):    0.000ns

    Location             Delay type                Incr(ns)  Path(ns)    Netlist Resource(s)
  -------------------------------------------------------------------    -------------------
                         (clock sys_clk_pin rise edge)
                                                      0.000     0.000 r  
    E3                                                0.000     0.000 r  clk (IN)
                         net (fo=0)                   0.000     0.000    clk
    E3                   IBUF (Prop_ibuf_I_O)         0.257     0.257 r  clk_IBUF_inst/O
                         net (fo=1, routed)           0.631     0.888    clk_IBUF
    BUFGCTRL_X0Y16       BUFG (Prop_bufg_I_O)         0.026     0.914 r  clk_IBUF_BUFG_inst/O
                         net (fo=330, routed)         0.590     1.503    PARAMETER_0/CLK
    SLICE_X3Y31          FDSE                                         r  PARAMETER_0/sig_selected_reg[2]/C
  -------------------------------------------------------------------    -------------------
    SLICE_X3Y31          FDSE (Prop_fdse_C_Q)         0.128     1.631 f  PARAMETER_0/sig_selected_reg[2]/Q
                         net (fo=20, routed)          0.412     2.043    PARAMETER_0/sig_selected_reg[2]_0[1]
    SLICE_X5Y35          LUT6 (Prop_lut6_I3_O)        0.098     2.141 r  PARAMETER_0/an_OBUF[0]_inst_i_1/O
                         net (fo=1, routed)           0.602     2.743    an_OBUF[0]
    J17                  OBUF (Prop_obuf_I_O)         1.247     3.990 r  an_OBUF[0]_inst/O
                         net (fo=0)                   0.000     3.990    an[0]
    J17                                                               r  an[0] (OUT)
  -------------------------------------------------------------------    -------------------

Slack:                    inf
  Source:                 DISPLAY_DRIVER_0/counter_0/sig_cnt_reg[2]/C
                            (rising edge-triggered cell FDRE clocked by sys_clk_pin  {rise@0.000ns fall@5.000ns period=10.000ns})
  Destination:            an[2]
                            (output port)
  Path Group:             (none)
  Path Type:              Min at Fast Process Corner
  Data Path Delay:        2.523ns  (logic 1.562ns (61.902%)  route 0.961ns (38.098%))
  Logic Levels:           2  (LUT5=1 OBUF=1)
  Clock Uncertainty:      0.025ns  ((TSJ^2 + TIJ^2)^1/2 + DJ) / 2 + PE
    Total System Jitter     (TSJ):    0.050ns
    Total Input Jitter      (TIJ):    0.000ns
    Discrete Jitter          (DJ):    0.000ns
    Phase Error              (PE):    0.000ns

    Location             Delay type                Incr(ns)  Path(ns)    Netlist Resource(s)
  -------------------------------------------------------------------    -------------------
                         (clock sys_clk_pin rise edge)
                                                      0.000     0.000 r  
    E3                                                0.000     0.000 r  clk (IN)
                         net (fo=0)                   0.000     0.000    clk
    E3                   IBUF (Prop_ibuf_I_O)         0.257     0.257 r  clk_IBUF_inst/O
                         net (fo=1, routed)           0.631     0.888    clk_IBUF
    BUFGCTRL_X0Y16       BUFG (Prop_bufg_I_O)         0.026     0.914 r  clk_IBUF_BUFG_inst/O
                         net (fo=330, routed)         0.591     1.504    DISPLAY_DRIVER_0/counter_0/CLK
    SLICE_X6Y34          FDRE                                         r  DISPLAY_DRIVER_0/counter_0/sig_cnt_reg[2]/C
  -------------------------------------------------------------------    -------------------
    SLICE_X6Y34          FDRE (Prop_fdre_C_Q)         0.148     1.652 r  DISPLAY_DRIVER_0/counter_0/sig_cnt_reg[2]/Q
                         net (fo=13, routed)          0.151     1.803    DISPLAY_DRIVER_0/counter_0/sig_cnt_reg[2]_0
    SLICE_X6Y34          LUT5 (Prop_lut5_I4_O)        0.101     1.904 r  DISPLAY_DRIVER_0/counter_0/an_OBUF[2]_inst_i_1/O
                         net (fo=1, routed)           0.810     2.715    an_OBUF[2]
    T9                   OBUF (Prop_obuf_I_O)         1.313     4.027 r  an_OBUF[2]_inst/O
                         net (fo=0)                   0.000     4.027    an[2]
    T9                                                                r  an[2] (OUT)
  -------------------------------------------------------------------    -------------------





--------------------------------------------------------------------------------------
Path Group:  (none)
From Clock:  
  To Clock:  sys_clk_pin

Max Delay           334 Endpoints
Min Delay           334 Endpoints
--------------------------------------------------------------------------------------


Max Delay Paths
--------------------------------------------------------------------------------------
Slack:                    inf
  Source:                 btnc
                            (input port)
  Destination:            PARAMETER_0/bcd_digits_reg[2][0]/D
                            (rising edge-triggered cell FDRE clocked by sys_clk_pin  {rise@0.000ns fall@5.000ns period=10.000ns})
  Path Group:             (none)
  Path Type:              Setup (Max at Slow Process Corner)
  Data Path Delay:        5.600ns  (logic 1.620ns (28.934%)  route 3.980ns (71.066%))
  Logic Levels:           2  (IBUF=1 LUT4=1)
  Clock Path Skew:        4.884ns (DCD - SCD + CPR)
    Destination Clock Delay (DCD):    4.884ns
    Source Clock Delay      (SCD):    0.000ns
    Clock Pessimism Removal (CPR):    0.000ns
  Clock Uncertainty:      0.025ns  ((TSJ^2 + TIJ^2)^1/2 + DJ) / 2 + PE
    Total System Jitter     (TSJ):    0.050ns
    Total Input Jitter      (TIJ):    0.000ns
    Discrete Jitter          (DJ):    0.000ns
    Phase Error              (PE):    0.000ns

    Location             Delay type                Incr(ns)  Path(ns)    Netlist Resource(s)
  -------------------------------------------------------------------    -------------------
    N17                                               0.000     0.000 f  btnc (IN)
                         net (fo=0)                   0.000     0.000    btnc
    N17                  IBUF (Prop_ibuf_I_O)         1.470     1.470 f  btnc_IBUF_inst/O
                         net (fo=103, routed)         3.189     4.659    PARAMETER_0/btnc_IBUF
    SLICE_X6Y33          LUT4 (Prop_lut4_I1_O)        0.150     4.809 r  PARAMETER_0/bcd_digits[1][0]_i_1/O
                         net (fo=3, routed)           0.791     5.600    PARAMETER_0/bcd_digits[1]_5[0]
    SLICE_X5Y32          FDRE                                         r  PARAMETER_0/bcd_digits_reg[2][0]/D
  -------------------------------------------------------------------    -------------------

                         (clock sys_clk_pin rise edge)
                                                      0.000     0.000 r  
    E3                                                0.000     0.000 r  clk (IN)
                         net (fo=0)                   0.000     0.000    clk
    E3                   IBUF (Prop_ibuf_I_O)         1.418     1.418 r  clk_IBUF_inst/O
                         net (fo=1, routed)           1.862     3.280    clk_IBUF
    BUFGCTRL_X0Y16       BUFG (Prop_bufg_I_O)         0.091     3.371 r  clk_IBUF_BUFG_inst/O
                         net (fo=330, routed)         1.512     4.884    PARAMETER_0/CLK
    SLICE_X5Y32          FDRE                                         r  PARAMETER_0/bcd_digits_reg[2][0]/C

Slack:                    inf
  Source:                 btnc
                            (input port)
  Destination:            sig_pwm0_carry_i_18/ADDRARDADDR[8]
                            (rising edge-triggered cell RAMB18E1 clocked by sys_clk_pin  {rise@0.000ns fall@5.000ns period=10.000ns})
  Path Group:             (none)
  Path Type:              Setup (Max at Slow Process Corner)
  Data Path Delay:        5.594ns  (logic 1.594ns (28.502%)  route 4.000ns (71.498%))
  Logic Levels:           2  (IBUF=1 LUT2=1)
  Clock Path Skew:        4.860ns (DCD - SCD + CPR)
    Destination Clock Delay (DCD):    4.860ns
    Source Clock Delay      (SCD):    0.000ns
    Clock Pessimism Removal (CPR):    0.000ns
  Clock Uncertainty:      0.025ns  ((TSJ^2 + TIJ^2)^1/2 + DJ) / 2 + PE
    Total System Jitter     (TSJ):    0.050ns
    Total Input Jitter      (TIJ):    0.000ns
    Discrete Jitter          (DJ):    0.000ns
    Phase Error              (PE):    0.000ns

    Location             Delay type                Incr(ns)  Path(ns)    Netlist Resource(s)
  -------------------------------------------------------------------    -------------------
    N17                                               0.000     0.000 f  btnc (IN)
                         net (fo=0)                   0.000     0.000    btnc
    N17                  IBUF (Prop_ibuf_I_O)         1.470     1.470 f  btnc_IBUF_inst/O
                         net (fo=103, routed)         3.377     4.847    FREQ_TO_PHASE0/btnc_IBUF
    SLICE_X13Y33         LUT2 (Prop_lut2_I1_O)        0.124     4.971 r  FREQ_TO_PHASE0/sig_pwm0_carry_i_22/O
                         net (fo=1, routed)           0.623     5.594    FREQ_TO_PHASE0_n_15
    RAMB18_X0Y12         RAMB18E1                                     r  sig_pwm0_carry_i_18/ADDRARDADDR[8]
  -------------------------------------------------------------------    -------------------

                         (clock sys_clk_pin rise edge)
                                                      0.000     0.000 r  
    E3                                                0.000     0.000 r  clk (IN)
                         net (fo=0)                   0.000     0.000    clk
    E3                   IBUF (Prop_ibuf_I_O)         1.418     1.418 r  clk_IBUF_inst/O
                         net (fo=1, routed)           1.862     3.280    clk_IBUF
    BUFGCTRL_X0Y16       BUFG (Prop_bufg_I_O)         0.091     3.371 r  clk_IBUF_BUFG_inst/O
                         net (fo=330, routed)         1.489     4.860    clk_IBUF_BUFG
    RAMB18_X0Y12         RAMB18E1                                     r  sig_pwm0_carry_i_18/CLKARDCLK

Slack:                    inf
  Source:                 btnc
                            (input port)
  Destination:            DB_UP/clock_repeat/sig_cnt_reg[12]/R
                            (rising edge-triggered cell FDRE clocked by sys_clk_pin  {rise@0.000ns fall@5.000ns period=10.000ns})
  Path Group:             (none)
  Path Type:              Setup (Max at Slow Process Corner)
  Data Path Delay:        5.491ns  (logic 1.622ns (29.545%)  route 3.869ns (70.455%))
  Logic Levels:           2  (IBUF=1 LUT3=1)
  Clock Path Skew:        4.886ns (DCD - SCD + CPR)
    Destination Clock Delay (DCD):    4.886ns
    Source Clock Delay      (SCD):    0.000ns
    Clock Pessimism Removal (CPR):    0.000ns
  Clock Uncertainty:      0.025ns  ((TSJ^2 + TIJ^2)^1/2 + DJ) / 2 + PE
    Total System Jitter     (TSJ):    0.050ns
    Total Input Jitter      (TIJ):    0.000ns
    Discrete Jitter          (DJ):    0.000ns
    Phase Error              (PE):    0.000ns

    Location             Delay type                Incr(ns)  Path(ns)    Netlist Resource(s)
  -------------------------------------------------------------------    -------------------
    N17                                               0.000     0.000 r  btnc (IN)
                         net (fo=0)                   0.000     0.000    btnc
    N17                  IBUF (Prop_ibuf_I_O)         1.470     1.470 r  btnc_IBUF_inst/O
                         net (fo=103, routed)         2.885     4.355    DB_UP/clock_repeat/btnc_IBUF
    SLICE_X6Y36          LUT3 (Prop_lut3_I1_O)        0.152     4.507 r  DB_UP/clock_repeat/sig_cnt[0]_i_1__5/O
                         net (fo=25, routed)          0.984     5.491    DB_UP/clock_repeat/sig_cnt[0]_i_1__5_n_0
    SLICE_X4Y34          FDRE                                         r  DB_UP/clock_repeat/sig_cnt_reg[12]/R
  -------------------------------------------------------------------    -------------------

                         (clock sys_clk_pin rise edge)
                                                      0.000     0.000 r  
    E3                                                0.000     0.000 r  clk (IN)
                         net (fo=0)                   0.000     0.000    clk
    E3                   IBUF (Prop_ibuf_I_O)         1.418     1.418 r  clk_IBUF_inst/O
                         net (fo=1, routed)           1.862     3.280    clk_IBUF
    BUFGCTRL_X0Y16       BUFG (Prop_bufg_I_O)         0.091     3.371 r  clk_IBUF_BUFG_inst/O
                         net (fo=330, routed)         1.514     4.886    DB_UP/clock_repeat/CLK
    SLICE_X4Y34          FDRE                                         r  DB_UP/clock_repeat/sig_cnt_reg[12]/C

Slack:                    inf
  Source:                 btnc
                            (input port)
  Destination:            DB_UP/clock_repeat/sig_cnt_reg[13]/R
                            (rising edge-triggered cell FDRE clocked by sys_clk_pin  {rise@0.000ns fall@5.000ns period=10.000ns})
  Path Group:             (none)
  Path Type:              Setup (Max at Slow Process Corner)
  Data Path Delay:        5.491ns  (logic 1.622ns (29.545%)  route 3.869ns (70.455%))
  Logic Levels:           2  (IBUF=1 LUT3=1)
  Clock Path Skew:        4.886ns (DCD - SCD + CPR)
    Destination Clock Delay (DCD):    4.886ns
    Source Clock Delay      (SCD):    0.000ns
    Clock Pessimism Removal (CPR):    0.000ns
  Clock Uncertainty:      0.025ns  ((TSJ^2 + TIJ^2)^1/2 + DJ) / 2 + PE
    Total System Jitter     (TSJ):    0.050ns
    Total Input Jitter      (TIJ):    0.000ns
    Discrete Jitter          (DJ):    0.000ns
    Phase Error              (PE):    0.000ns

    Location             Delay type                Incr(ns)  Path(ns)    Netlist Resource(s)
  -------------------------------------------------------------------    -------------------
    N17                                               0.000     0.000 r  btnc (IN)
                         net (fo=0)                   0.000     0.000    btnc
    N17                  IBUF (Prop_ibuf_I_O)         1.470     1.470 r  btnc_IBUF_inst/O
                         net (fo=103, routed)         2.885     4.355    DB_UP/clock_repeat/btnc_IBUF
    SLICE_X6Y36          LUT3 (Prop_lut3_I1_O)        0.152     4.507 r  DB_UP/clock_repeat/sig_cnt[0]_i_1__5/O
                         net (fo=25, routed)          0.984     5.491    DB_UP/clock_repeat/sig_cnt[0]_i_1__5_n_0
    SLICE_X4Y34          FDRE                                         r  DB_UP/clock_repeat/sig_cnt_reg[13]/R
  -------------------------------------------------------------------    -------------------

                         (clock sys_clk_pin rise edge)
                                                      0.000     0.000 r  
    E3                                                0.000     0.000 r  clk (IN)
                         net (fo=0)                   0.000     0.000    clk
    E3                   IBUF (Prop_ibuf_I_O)         1.418     1.418 r  clk_IBUF_inst/O
                         net (fo=1, routed)           1.862     3.280    clk_IBUF
    BUFGCTRL_X0Y16       BUFG (Prop_bufg_I_O)         0.091     3.371 r  clk_IBUF_BUFG_inst/O
                         net (fo=330, routed)         1.514     4.886    DB_UP/clock_repeat/CLK
    SLICE_X4Y34          FDRE                                         r  DB_UP/clock_repeat/sig_cnt_reg[13]/C

Slack:                    inf
  Source:                 btnc
                            (input port)
  Destination:            DB_UP/clock_repeat/sig_cnt_reg[14]/R
                            (rising edge-triggered cell FDRE clocked by sys_clk_pin  {rise@0.000ns fall@5.000ns period=10.000ns})
  Path Group:             (none)
  Path Type:              Setup (Max at Slow Process Corner)
  Data Path Delay:        5.491ns  (logic 1.622ns (29.545%)  route 3.869ns (70.455%))
  Logic Levels:           2  (IBUF=1 LUT3=1)
  Clock Path Skew:        4.886ns (DCD - SCD + CPR)
    Destination Clock Delay (DCD):    4.886ns
    Source Clock Delay      (SCD):    0.000ns
    Clock Pessimism Removal (CPR):    0.000ns
  Clock Uncertainty:      0.025ns  ((TSJ^2 + TIJ^2)^1/2 + DJ) / 2 + PE
    Total System Jitter     (TSJ):    0.050ns
    Total Input Jitter      (TIJ):    0.000ns
    Discrete Jitter          (DJ):    0.000ns
    Phase Error              (PE):    0.000ns

    Location             Delay type                Incr(ns)  Path(ns)    Netlist Resource(s)
  -------------------------------------------------------------------    -------------------
    N17                                               0.000     0.000 r  btnc (IN)
                         net (fo=0)                   0.000     0.000    btnc
    N17                  IBUF (Prop_ibuf_I_O)         1.470     1.470 r  btnc_IBUF_inst/O
                         net (fo=103, routed)         2.885     4.355    DB_UP/clock_repeat/btnc_IBUF
    SLICE_X6Y36          LUT3 (Prop_lut3_I1_O)        0.152     4.507 r  DB_UP/clock_repeat/sig_cnt[0]_i_1__5/O
                         net (fo=25, routed)          0.984     5.491    DB_UP/clock_repeat/sig_cnt[0]_i_1__5_n_0
    SLICE_X4Y34          FDRE                                         r  DB_UP/clock_repeat/sig_cnt_reg[14]/R
  -------------------------------------------------------------------    -------------------

                         (clock sys_clk_pin rise edge)
                                                      0.000     0.000 r  
    E3                                                0.000     0.000 r  clk (IN)
                         net (fo=0)                   0.000     0.000    clk
    E3                   IBUF (Prop_ibuf_I_O)         1.418     1.418 r  clk_IBUF_inst/O
                         net (fo=1, routed)           1.862     3.280    clk_IBUF
    BUFGCTRL_X0Y16       BUFG (Prop_bufg_I_O)         0.091     3.371 r  clk_IBUF_BUFG_inst/O
                         net (fo=330, routed)         1.514     4.886    DB_UP/clock_repeat/CLK
    SLICE_X4Y34          FDRE                                         r  DB_UP/clock_repeat/sig_cnt_reg[14]/C

Slack:                    inf
  Source:                 btnc
                            (input port)
  Destination:            DB_UP/clock_repeat/sig_cnt_reg[15]/R
                            (rising edge-triggered cell FDRE clocked by sys_clk_pin  {rise@0.000ns fall@5.000ns period=10.000ns})
  Path Group:             (none)
  Path Type:              Setup (Max at Slow Process Corner)
  Data Path Delay:        5.491ns  (logic 1.622ns (29.545%)  route 3.869ns (70.455%))
  Logic Levels:           2  (IBUF=1 LUT3=1)
  Clock Path Skew:        4.886ns (DCD - SCD + CPR)
    Destination Clock Delay (DCD):    4.886ns
    Source Clock Delay      (SCD):    0.000ns
    Clock Pessimism Removal (CPR):    0.000ns
  Clock Uncertainty:      0.025ns  ((TSJ^2 + TIJ^2)^1/2 + DJ) / 2 + PE
    Total System Jitter     (TSJ):    0.050ns
    Total Input Jitter      (TIJ):    0.000ns
    Discrete Jitter          (DJ):    0.000ns
    Phase Error              (PE):    0.000ns

    Location             Delay type                Incr(ns)  Path(ns)    Netlist Resource(s)
  -------------------------------------------------------------------    -------------------
    N17                                               0.000     0.000 r  btnc (IN)
                         net (fo=0)                   0.000     0.000    btnc
    N17                  IBUF (Prop_ibuf_I_O)         1.470     1.470 r  btnc_IBUF_inst/O
                         net (fo=103, routed)         2.885     4.355    DB_UP/clock_repeat/btnc_IBUF
    SLICE_X6Y36          LUT3 (Prop_lut3_I1_O)        0.152     4.507 r  DB_UP/clock_repeat/sig_cnt[0]_i_1__5/O
                         net (fo=25, routed)          0.984     5.491    DB_UP/clock_repeat/sig_cnt[0]_i_1__5_n_0
    SLICE_X4Y34          FDRE                                         r  DB_UP/clock_repeat/sig_cnt_reg[15]/R
  -------------------------------------------------------------------    -------------------

                         (clock sys_clk_pin rise edge)
                                                      0.000     0.000 r  
    E3                                                0.000     0.000 r  clk (IN)
                         net (fo=0)                   0.000     0.000    clk
    E3                   IBUF (Prop_ibuf_I_O)         1.418     1.418 r  clk_IBUF_inst/O
                         net (fo=1, routed)           1.862     3.280    clk_IBUF
    BUFGCTRL_X0Y16       BUFG (Prop_bufg_I_O)         0.091     3.371 r  clk_IBUF_BUFG_inst/O
                         net (fo=330, routed)         1.514     4.886    DB_UP/clock_repeat/CLK
    SLICE_X4Y34          FDRE                                         r  DB_UP/clock_repeat/sig_cnt_reg[15]/C

Slack:                    inf
  Source:                 btnc
                            (input port)
  Destination:            PARAMETER_0/bcd_digits_reg[3][0]/D
                            (rising edge-triggered cell FDRE clocked by sys_clk_pin  {rise@0.000ns fall@5.000ns period=10.000ns})
  Path Group:             (none)
  Path Type:              Setup (Max at Slow Process Corner)
  Data Path Delay:        5.463ns  (logic 1.620ns (29.660%)  route 3.843ns (70.340%))
  Logic Levels:           2  (IBUF=1 LUT4=1)
  Clock Path Skew:        4.885ns (DCD - SCD + CPR)
    Destination Clock Delay (DCD):    4.885ns
    Source Clock Delay      (SCD):    0.000ns
    Clock Pessimism Removal (CPR):    0.000ns
  Clock Uncertainty:      0.025ns  ((TSJ^2 + TIJ^2)^1/2 + DJ) / 2 + PE
    Total System Jitter     (TSJ):    0.050ns
    Total Input Jitter      (TIJ):    0.000ns
    Discrete Jitter          (DJ):    0.000ns
    Phase Error              (PE):    0.000ns

    Location             Delay type                Incr(ns)  Path(ns)    Netlist Resource(s)
  -------------------------------------------------------------------    -------------------
    N17                                               0.000     0.000 f  btnc (IN)
                         net (fo=0)                   0.000     0.000    btnc
    N17                  IBUF (Prop_ibuf_I_O)         1.470     1.470 f  btnc_IBUF_inst/O
                         net (fo=103, routed)         3.189     4.659    PARAMETER_0/btnc_IBUF
    SLICE_X6Y33          LUT4 (Prop_lut4_I1_O)        0.150     4.809 r  PARAMETER_0/bcd_digits[1][0]_i_1/O
                         net (fo=3, routed)           0.654     5.463    PARAMETER_0/bcd_digits[1]_5[0]
    SLICE_X5Y33          FDRE                                         r  PARAMETER_0/bcd_digits_reg[3][0]/D
  -------------------------------------------------------------------    -------------------

                         (clock sys_clk_pin rise edge)
                                                      0.000     0.000 r  
    E3                                                0.000     0.000 r  clk (IN)
                         net (fo=0)                   0.000     0.000    clk
    E3                   IBUF (Prop_ibuf_I_O)         1.418     1.418 r  clk_IBUF_inst/O
                         net (fo=1, routed)           1.862     3.280    clk_IBUF
    BUFGCTRL_X0Y16       BUFG (Prop_bufg_I_O)         0.091     3.371 r  clk_IBUF_BUFG_inst/O
                         net (fo=330, routed)         1.513     4.885    PARAMETER_0/CLK
    SLICE_X5Y33          FDRE                                         r  PARAMETER_0/bcd_digits_reg[3][0]/C

Slack:                    inf
  Source:                 btnc
                            (input port)
  Destination:            DB_UP/clock_repeat/sig_cnt_reg[10]/R
                            (rising edge-triggered cell FDRE clocked by sys_clk_pin  {rise@0.000ns fall@5.000ns period=10.000ns})
  Path Group:             (none)
  Path Type:              Setup (Max at Slow Process Corner)
  Data Path Delay:        5.393ns  (logic 1.622ns (30.082%)  route 3.771ns (69.918%))
  Logic Levels:           2  (IBUF=1 LUT3=1)
  Clock Path Skew:        4.885ns (DCD - SCD + CPR)
    Destination Clock Delay (DCD):    4.885ns
    Source Clock Delay      (SCD):    0.000ns
    Clock Pessimism Removal (CPR):    0.000ns
  Clock Uncertainty:      0.025ns  ((TSJ^2 + TIJ^2)^1/2 + DJ) / 2 + PE
    Total System Jitter     (TSJ):    0.050ns
    Total Input Jitter      (TIJ):    0.000ns
    Discrete Jitter          (DJ):    0.000ns
    Phase Error              (PE):    0.000ns

    Location             Delay type                Incr(ns)  Path(ns)    Netlist Resource(s)
  -------------------------------------------------------------------    -------------------
    N17                                               0.000     0.000 r  btnc (IN)
                         net (fo=0)                   0.000     0.000    btnc
    N17                  IBUF (Prop_ibuf_I_O)         1.470     1.470 r  btnc_IBUF_inst/O
                         net (fo=103, routed)         2.885     4.355    DB_UP/clock_repeat/btnc_IBUF
    SLICE_X6Y36          LUT3 (Prop_lut3_I1_O)        0.152     4.507 r  DB_UP/clock_repeat/sig_cnt[0]_i_1__5/O
                         net (fo=25, routed)          0.886     5.393    DB_UP/clock_repeat/sig_cnt[0]_i_1__5_n_0
    SLICE_X4Y33          FDRE                                         r  DB_UP/clock_repeat/sig_cnt_reg[10]/R
  -------------------------------------------------------------------    -------------------

                         (clock sys_clk_pin rise edge)
                                                      0.000     0.000 r  
    E3                                                0.000     0.000 r  clk (IN)
                         net (fo=0)                   0.000     0.000    clk
    E3                   IBUF (Prop_ibuf_I_O)         1.418     1.418 r  clk_IBUF_inst/O
                         net (fo=1, routed)           1.862     3.280    clk_IBUF
    BUFGCTRL_X0Y16       BUFG (Prop_bufg_I_O)         0.091     3.371 r  clk_IBUF_BUFG_inst/O
                         net (fo=330, routed)         1.513     4.885    DB_UP/clock_repeat/CLK
    SLICE_X4Y33          FDRE                                         r  DB_UP/clock_repeat/sig_cnt_reg[10]/C

Slack:                    inf
  Source:                 btnc
                            (input port)
  Destination:            DB_UP/clock_repeat/sig_cnt_reg[11]/R
                            (rising edge-triggered cell FDRE clocked by sys_clk_pin  {rise@0.000ns fall@5.000ns period=10.000ns})
  Path Group:             (none)
  Path Type:              Setup (Max at Slow Process Corner)
  Data Path Delay:        5.393ns  (logic 1.622ns (30.082%)  route 3.771ns (69.918%))
  Logic Levels:           2  (IBUF=1 LUT3=1)
  Clock Path Skew:        4.885ns (DCD - SCD + CPR)
    Destination Clock Delay (DCD):    4.885ns
    Source Clock Delay      (SCD):    0.000ns
    Clock Pessimism Removal (CPR):    0.000ns
  Clock Uncertainty:      0.025ns  ((TSJ^2 + TIJ^2)^1/2 + DJ) / 2 + PE
    Total System Jitter     (TSJ):    0.050ns
    Total Input Jitter      (TIJ):    0.000ns
    Discrete Jitter          (DJ):    0.000ns
    Phase Error              (PE):    0.000ns

    Location             Delay type                Incr(ns)  Path(ns)    Netlist Resource(s)
  -------------------------------------------------------------------    -------------------
    N17                                               0.000     0.000 r  btnc (IN)
                         net (fo=0)                   0.000     0.000    btnc
    N17                  IBUF (Prop_ibuf_I_O)         1.470     1.470 r  btnc_IBUF_inst/O
                         net (fo=103, routed)         2.885     4.355    DB_UP/clock_repeat/btnc_IBUF
    SLICE_X6Y36          LUT3 (Prop_lut3_I1_O)        0.152     4.507 r  DB_UP/clock_repeat/sig_cnt[0]_i_1__5/O
                         net (fo=25, routed)          0.886     5.393    DB_UP/clock_repeat/sig_cnt[0]_i_1__5_n_0
    SLICE_X4Y33          FDRE                                         r  DB_UP/clock_repeat/sig_cnt_reg[11]/R
  -------------------------------------------------------------------    -------------------

                         (clock sys_clk_pin rise edge)
                                                      0.000     0.000 r  
    E3                                                0.000     0.000 r  clk (IN)
                         net (fo=0)                   0.000     0.000    clk
    E3                   IBUF (Prop_ibuf_I_O)         1.418     1.418 r  clk_IBUF_inst/O
                         net (fo=1, routed)           1.862     3.280    clk_IBUF
    BUFGCTRL_X0Y16       BUFG (Prop_bufg_I_O)         0.091     3.371 r  clk_IBUF_BUFG_inst/O
                         net (fo=330, routed)         1.513     4.885    DB_UP/clock_repeat/CLK
    SLICE_X4Y33          FDRE                                         r  DB_UP/clock_repeat/sig_cnt_reg[11]/C

Slack:                    inf
  Source:                 btnc
                            (input port)
  Destination:            DB_UP/clock_repeat/sig_cnt_reg[8]/R
                            (rising edge-triggered cell FDRE clocked by sys_clk_pin  {rise@0.000ns fall@5.000ns period=10.000ns})
  Path Group:             (none)
  Path Type:              Setup (Max at Slow Process Corner)
  Data Path Delay:        5.393ns  (logic 1.622ns (30.082%)  route 3.771ns (69.918%))
  Logic Levels:           2  (IBUF=1 LUT3=1)
  Clock Path Skew:        4.885ns (DCD - SCD + CPR)
    Destination Clock Delay (DCD):    4.885ns
    Source Clock Delay      (SCD):    0.000ns
    Clock Pessimism Removal (CPR):    0.000ns
  Clock Uncertainty:      0.025ns  ((TSJ^2 + TIJ^2)^1/2 + DJ) / 2 + PE
    Total System Jitter     (TSJ):    0.050ns
    Total Input Jitter      (TIJ):    0.000ns
    Discrete Jitter          (DJ):    0.000ns
    Phase Error              (PE):    0.000ns

    Location             Delay type                Incr(ns)  Path(ns)    Netlist Resource(s)
  -------------------------------------------------------------------    -------------------
    N17                                               0.000     0.000 r  btnc (IN)
                         net (fo=0)                   0.000     0.000    btnc
    N17                  IBUF (Prop_ibuf_I_O)         1.470     1.470 r  btnc_IBUF_inst/O
                         net (fo=103, routed)         2.885     4.355    DB_UP/clock_repeat/btnc_IBUF
    SLICE_X6Y36          LUT3 (Prop_lut3_I1_O)        0.152     4.507 r  DB_UP/clock_repeat/sig_cnt[0]_i_1__5/O
                         net (fo=25, routed)          0.886     5.393    DB_UP/clock_repeat/sig_cnt[0]_i_1__5_n_0
    SLICE_X4Y33          FDRE                                         r  DB_UP/clock_repeat/sig_cnt_reg[8]/R
  -------------------------------------------------------------------    -------------------

                         (clock sys_clk_pin rise edge)
                                                      0.000     0.000 r  
    E3                                                0.000     0.000 r  clk (IN)
                         net (fo=0)                   0.000     0.000    clk
    E3                   IBUF (Prop_ibuf_I_O)         1.418     1.418 r  clk_IBUF_inst/O
                         net (fo=1, routed)           1.862     3.280    clk_IBUF
    BUFGCTRL_X0Y16       BUFG (Prop_bufg_I_O)         0.091     3.371 r  clk_IBUF_BUFG_inst/O
                         net (fo=330, routed)         1.513     4.885    DB_UP/clock_repeat/CLK
    SLICE_X4Y33          FDRE                                         r  DB_UP/clock_repeat/sig_cnt_reg[8]/C





Min Delay Paths
--------------------------------------------------------------------------------------
Slack:                    inf
  Source:                 btnr
                            (input port)
  Destination:            DB_RIGHT/sync0_reg/D
                            (rising edge-triggered cell FDRE clocked by sys_clk_pin  {rise@0.000ns fall@5.000ns period=10.000ns})
  Path Group:             (none)
  Path Type:              Hold (Min at Fast Process Corner)
  Data Path Delay:        0.594ns  (logic 0.232ns (39.132%)  route 0.362ns (60.868%))
  Logic Levels:           1  (IBUF=1)
  Clock Path Skew:        2.015ns (DCD - SCD - CPR)
    Destination Clock Delay (DCD):    2.015ns
    Source Clock Delay      (SCD):    0.000ns
    Clock Pessimism Removal (CPR):    -0.000ns

    Location             Delay type                Incr(ns)  Path(ns)    Netlist Resource(s)
  -------------------------------------------------------------------    -------------------
    M17                                               0.000     0.000 r  btnr (IN)
                         net (fo=0)                   0.000     0.000    btnr
    M17                  IBUF (Prop_ibuf_I_O)         0.232     0.232 r  btnr_IBUF_inst/O
                         net (fo=1, routed)           0.362     0.594    DB_RIGHT/btnr_IBUF
    SLICE_X3Y29          FDRE                                         r  DB_RIGHT/sync0_reg/D
  -------------------------------------------------------------------    -------------------

                         (clock sys_clk_pin rise edge)
                                                      0.000     0.000 r  
    E3                                                0.000     0.000 r  clk (IN)
                         net (fo=0)                   0.000     0.000    clk
    E3                   IBUF (Prop_ibuf_I_O)         0.445     0.445 r  clk_IBUF_inst/O
                         net (fo=1, routed)           0.685     1.129    clk_IBUF
    BUFGCTRL_X0Y16       BUFG (Prop_bufg_I_O)         0.029     1.158 r  clk_IBUF_BUFG_inst/O
                         net (fo=330, routed)         0.857     2.015    DB_RIGHT/CLK
    SLICE_X3Y29          FDRE                                         r  DB_RIGHT/sync0_reg/C

Slack:                    inf
  Source:                 btnd
                            (input port)
  Destination:            DB_DOWN/sync0_reg/D
                            (rising edge-triggered cell FDRE clocked by sys_clk_pin  {rise@0.000ns fall@5.000ns period=10.000ns})
  Path Group:             (none)
  Path Type:              Hold (Min at Fast Process Corner)
  Data Path Delay:        0.600ns  (logic 0.245ns (40.733%)  route 0.356ns (59.267%))
  Logic Levels:           1  (IBUF=1)
  Clock Path Skew:        2.018ns (DCD - SCD - CPR)
    Destination Clock Delay (DCD):    2.018ns
    Source Clock Delay      (SCD):    0.000ns
    Clock Pessimism Removal (CPR):    -0.000ns

    Location             Delay type                Incr(ns)  Path(ns)    Netlist Resource(s)
  -------------------------------------------------------------------    -------------------
    P18                                               0.000     0.000 r  btnd (IN)
                         net (fo=0)                   0.000     0.000    btnd
    P18                  IBUF (Prop_ibuf_I_O)         0.245     0.245 r  btnd_IBUF_inst/O
                         net (fo=1, routed)           0.356     0.600    DB_DOWN/btnd_IBUF
    SLICE_X0Y32          FDRE                                         r  DB_DOWN/sync0_reg/D
  -------------------------------------------------------------------    -------------------

                         (clock sys_clk_pin rise edge)
                                                      0.000     0.000 r  
    E3                                                0.000     0.000 r  clk (IN)
                         net (fo=0)                   0.000     0.000    clk
    E3                   IBUF (Prop_ibuf_I_O)         0.445     0.445 r  clk_IBUF_inst/O
                         net (fo=1, routed)           0.685     1.129    clk_IBUF
    BUFGCTRL_X0Y16       BUFG (Prop_bufg_I_O)         0.029     1.158 r  clk_IBUF_BUFG_inst/O
                         net (fo=330, routed)         0.860     2.018    DB_DOWN/CLK
    SLICE_X0Y32          FDRE                                         r  DB_DOWN/sync0_reg/C

Slack:                    inf
  Source:                 btnl
                            (input port)
  Destination:            DB_LEFT/sync0_reg/D
                            (rising edge-triggered cell FDRE clocked by sys_clk_pin  {rise@0.000ns fall@5.000ns period=10.000ns})
  Path Group:             (none)
  Path Type:              Hold (Min at Fast Process Corner)
  Data Path Delay:        0.608ns  (logic 0.246ns (40.515%)  route 0.362ns (59.485%))
  Logic Levels:           1  (IBUF=1)
  Clock Path Skew:        2.011ns (DCD - SCD - CPR)
    Destination Clock Delay (DCD):    2.011ns
    Source Clock Delay      (SCD):    0.000ns
    Clock Pessimism Removal (CPR):    -0.000ns

    Location             Delay type                Incr(ns)  Path(ns)    Netlist Resource(s)
  -------------------------------------------------------------------    -------------------
    P17                                               0.000     0.000 r  btnl (IN)
                         net (fo=0)                   0.000     0.000    btnl
    P17                  IBUF (Prop_ibuf_I_O)         0.246     0.246 r  btnl_IBUF_inst/O
                         net (fo=1, routed)           0.362     0.608    DB_LEFT/btnl_IBUF
    SLICE_X5Y27          FDRE                                         r  DB_LEFT/sync0_reg/D
  -------------------------------------------------------------------    -------------------

                         (clock sys_clk_pin rise edge)
                                                      0.000     0.000 r  
    E3                                                0.000     0.000 r  clk (IN)
                         net (fo=0)                   0.000     0.000    clk
    E3                   IBUF (Prop_ibuf_I_O)         0.445     0.445 r  clk_IBUF_inst/O
                         net (fo=1, routed)           0.685     1.129    clk_IBUF
    BUFGCTRL_X0Y16       BUFG (Prop_bufg_I_O)         0.029     1.158 r  clk_IBUF_BUFG_inst/O
                         net (fo=330, routed)         0.853     2.011    DB_LEFT/CLK
    SLICE_X5Y27          FDRE                                         r  DB_LEFT/sync0_reg/C

Slack:                    inf
  Source:                 btnc
                            (input port)
  Destination:            DB_DOWN/shift_reg_reg[0]/R
                            (rising edge-triggered cell FDRE clocked by sys_clk_pin  {rise@0.000ns fall@5.000ns period=10.000ns})
  Path Group:             (none)
  Path Type:              Hold (Min at Fast Process Corner)
  Data Path Delay:        0.634ns  (logic 0.238ns (37.577%)  route 0.396ns (62.423%))
  Logic Levels:           1  (IBUF=1)
  Clock Path Skew:        2.018ns (DCD - SCD - CPR)
    Destination Clock Delay (DCD):    2.018ns
    Source Clock Delay      (SCD):    0.000ns
    Clock Pessimism Removal (CPR):    -0.000ns

    Location             Delay type                Incr(ns)  Path(ns)    Netlist Resource(s)
  -------------------------------------------------------------------    -------------------
    N17                                               0.000     0.000 r  btnc (IN)
                         net (fo=0)                   0.000     0.000    btnc
    N17                  IBUF (Prop_ibuf_I_O)         0.238     0.238 r  btnc_IBUF_inst/O
                         net (fo=103, routed)         0.396     0.634    DB_DOWN/btnc_IBUF
    SLICE_X1Y32          FDRE                                         r  DB_DOWN/shift_reg_reg[0]/R
  -------------------------------------------------------------------    -------------------

                         (clock sys_clk_pin rise edge)
                                                      0.000     0.000 r  
    E3                                                0.000     0.000 r  clk (IN)
                         net (fo=0)                   0.000     0.000    clk
    E3                   IBUF (Prop_ibuf_I_O)         0.445     0.445 r  clk_IBUF_inst/O
                         net (fo=1, routed)           0.685     1.129    clk_IBUF
    BUFGCTRL_X0Y16       BUFG (Prop_bufg_I_O)         0.029     1.158 r  clk_IBUF_BUFG_inst/O
                         net (fo=330, routed)         0.860     2.018    DB_DOWN/CLK
    SLICE_X1Y32          FDRE                                         r  DB_DOWN/shift_reg_reg[0]/C

Slack:                    inf
  Source:                 btnc
                            (input port)
  Destination:            DB_DOWN/sync0_reg/R
                            (rising edge-triggered cell FDRE clocked by sys_clk_pin  {rise@0.000ns fall@5.000ns period=10.000ns})
  Path Group:             (none)
  Path Type:              Hold (Min at Fast Process Corner)
  Data Path Delay:        0.639ns  (logic 0.238ns (37.321%)  route 0.400ns (62.679%))
  Logic Levels:           1  (IBUF=1)
  Clock Path Skew:        2.018ns (DCD - SCD - CPR)
    Destination Clock Delay (DCD):    2.018ns
    Source Clock Delay      (SCD):    0.000ns
    Clock Pessimism Removal (CPR):    -0.000ns

    Location             Delay type                Incr(ns)  Path(ns)    Netlist Resource(s)
  -------------------------------------------------------------------    -------------------
    N17                                               0.000     0.000 r  btnc (IN)
                         net (fo=0)                   0.000     0.000    btnc
    N17                  IBUF (Prop_ibuf_I_O)         0.238     0.238 r  btnc_IBUF_inst/O
                         net (fo=103, routed)         0.400     0.639    DB_DOWN/btnc_IBUF
    SLICE_X0Y32          FDRE                                         r  DB_DOWN/sync0_reg/R
  -------------------------------------------------------------------    -------------------

                         (clock sys_clk_pin rise edge)
                                                      0.000     0.000 r  
    E3                                                0.000     0.000 r  clk (IN)
                         net (fo=0)                   0.000     0.000    clk
    E3                   IBUF (Prop_ibuf_I_O)         0.445     0.445 r  clk_IBUF_inst/O
                         net (fo=1, routed)           0.685     1.129    clk_IBUF
    BUFGCTRL_X0Y16       BUFG (Prop_bufg_I_O)         0.029     1.158 r  clk_IBUF_BUFG_inst/O
                         net (fo=330, routed)         0.860     2.018    DB_DOWN/CLK
    SLICE_X0Y32          FDRE                                         r  DB_DOWN/sync0_reg/C

Slack:                    inf
  Source:                 btnc
                            (input port)
  Destination:            DB_DOWN/sync1_reg/R
                            (rising edge-triggered cell FDRE clocked by sys_clk_pin  {rise@0.000ns fall@5.000ns period=10.000ns})
  Path Group:             (none)
  Path Type:              Hold (Min at Fast Process Corner)
  Data Path Delay:        0.639ns  (logic 0.238ns (37.321%)  route 0.400ns (62.679%))
  Logic Levels:           1  (IBUF=1)
  Clock Path Skew:        2.018ns (DCD - SCD - CPR)
    Destination Clock Delay (DCD):    2.018ns
    Source Clock Delay      (SCD):    0.000ns
    Clock Pessimism Removal (CPR):    -0.000ns

    Location             Delay type                Incr(ns)  Path(ns)    Netlist Resource(s)
  -------------------------------------------------------------------    -------------------
    N17                                               0.000     0.000 r  btnc (IN)
                         net (fo=0)                   0.000     0.000    btnc
    N17                  IBUF (Prop_ibuf_I_O)         0.238     0.238 r  btnc_IBUF_inst/O
                         net (fo=103, routed)         0.400     0.639    DB_DOWN/btnc_IBUF
    SLICE_X0Y32          FDRE                                         r  DB_DOWN/sync1_reg/R
  -------------------------------------------------------------------    -------------------

                         (clock sys_clk_pin rise edge)
                                                      0.000     0.000 r  
    E3                                                0.000     0.000 r  clk (IN)
                         net (fo=0)                   0.000     0.000    clk
    E3                   IBUF (Prop_ibuf_I_O)         0.445     0.445 r  clk_IBUF_inst/O
                         net (fo=1, routed)           0.685     1.129    clk_IBUF
    BUFGCTRL_X0Y16       BUFG (Prop_bufg_I_O)         0.029     1.158 r  clk_IBUF_BUFG_inst/O
                         net (fo=330, routed)         0.860     2.018    DB_DOWN/CLK
    SLICE_X0Y32          FDRE                                         r  DB_DOWN/sync1_reg/C

Slack:                    inf
  Source:                 btnu
                            (input port)
  Destination:            DB_UP/sync0_reg/D
                            (rising edge-triggered cell FDRE clocked by sys_clk_pin  {rise@0.000ns fall@5.000ns period=10.000ns})
  Path Group:             (none)
  Path Type:              Hold (Min at Fast Process Corner)
  Data Path Delay:        0.663ns  (logic 0.247ns (37.270%)  route 0.416ns (62.730%))
  Logic Levels:           1  (IBUF=1)
  Clock Path Skew:        2.021ns (DCD - SCD - CPR)
    Destination Clock Delay (DCD):    2.021ns
    Source Clock Delay      (SCD):    0.000ns
    Clock Pessimism Removal (CPR):    -0.000ns

    Location             Delay type                Incr(ns)  Path(ns)    Netlist Resource(s)
  -------------------------------------------------------------------    -------------------
    M18                                               0.000     0.000 r  btnu (IN)
                         net (fo=0)                   0.000     0.000    btnu
    M18                  IBUF (Prop_ibuf_I_O)         0.247     0.247 r  btnu_IBUF_inst/O
                         net (fo=1, routed)           0.416     0.663    DB_UP/btnu_IBUF
    SLICE_X2Y36          FDRE                                         r  DB_UP/sync0_reg/D
  -------------------------------------------------------------------    -------------------

                         (clock sys_clk_pin rise edge)
                                                      0.000     0.000 r  
    E3                                                0.000     0.000 r  clk (IN)
                         net (fo=0)                   0.000     0.000    clk
    E3                   IBUF (Prop_ibuf_I_O)         0.445     0.445 r  clk_IBUF_inst/O
                         net (fo=1, routed)           0.685     1.129    clk_IBUF
    BUFGCTRL_X0Y16       BUFG (Prop_bufg_I_O)         0.029     1.158 r  clk_IBUF_BUFG_inst/O
                         net (fo=330, routed)         0.863     2.021    DB_UP/CLK
    SLICE_X2Y36          FDRE                                         r  DB_UP/sync0_reg/C

Slack:                    inf
  Source:                 btnc
                            (input port)
  Destination:            DB_DOWN/debounced_reg/R
                            (rising edge-triggered cell FDRE clocked by sys_clk_pin  {rise@0.000ns fall@5.000ns period=10.000ns})
  Path Group:             (none)
  Path Type:              Hold (Min at Fast Process Corner)
  Data Path Delay:        0.683ns  (logic 0.238ns (34.890%)  route 0.445ns (65.110%))
  Logic Levels:           1  (IBUF=1)
  Clock Path Skew:        2.017ns (DCD - SCD - CPR)
    Destination Clock Delay (DCD):    2.017ns
    Source Clock Delay      (SCD):    0.000ns
    Clock Pessimism Removal (CPR):    -0.000ns

    Location             Delay type                Incr(ns)  Path(ns)    Netlist Resource(s)
  -------------------------------------------------------------------    -------------------
    N17                                               0.000     0.000 r  btnc (IN)
                         net (fo=0)                   0.000     0.000    btnc
    N17                  IBUF (Prop_ibuf_I_O)         0.238     0.238 r  btnc_IBUF_inst/O
                         net (fo=103, routed)         0.445     0.683    DB_DOWN/btnc_IBUF
    SLICE_X1Y31          FDRE                                         r  DB_DOWN/debounced_reg/R
  -------------------------------------------------------------------    -------------------

                         (clock sys_clk_pin rise edge)
                                                      0.000     0.000 r  
    E3                                                0.000     0.000 r  clk (IN)
                         net (fo=0)                   0.000     0.000    clk
    E3                   IBUF (Prop_ibuf_I_O)         0.445     0.445 r  clk_IBUF_inst/O
                         net (fo=1, routed)           0.685     1.129    clk_IBUF
    BUFGCTRL_X0Y16       BUFG (Prop_bufg_I_O)         0.029     1.158 r  clk_IBUF_BUFG_inst/O
                         net (fo=330, routed)         0.859     2.017    DB_DOWN/CLK
    SLICE_X1Y31          FDRE                                         r  DB_DOWN/debounced_reg/C

Slack:                    inf
  Source:                 btnc
                            (input port)
  Destination:            DISPLAY_DRIVER_0/clock_1/ce_reg/R
                            (rising edge-triggered cell FDRE clocked by sys_clk_pin  {rise@0.000ns fall@5.000ns period=10.000ns})
  Path Group:             (none)
  Path Type:              Hold (Min at Fast Process Corner)
  Data Path Delay:        0.683ns  (logic 0.238ns (34.890%)  route 0.445ns (65.110%))
  Logic Levels:           1  (IBUF=1)
  Clock Path Skew:        2.017ns (DCD - SCD - CPR)
    Destination Clock Delay (DCD):    2.017ns
    Source Clock Delay      (SCD):    0.000ns
    Clock Pessimism Removal (CPR):    -0.000ns

    Location             Delay type                Incr(ns)  Path(ns)    Netlist Resource(s)
  -------------------------------------------------------------------    -------------------
    N17                                               0.000     0.000 r  btnc (IN)
                         net (fo=0)                   0.000     0.000    btnc
    N17                  IBUF (Prop_ibuf_I_O)         0.238     0.238 r  btnc_IBUF_inst/O
                         net (fo=103, routed)         0.445     0.683    DISPLAY_DRIVER_0/clock_1/btnc_IBUF
    SLICE_X1Y31          FDRE                                         r  DISPLAY_DRIVER_0/clock_1/ce_reg/R
  -------------------------------------------------------------------    -------------------

                         (clock sys_clk_pin rise edge)
                                                      0.000     0.000 r  
    E3                                                0.000     0.000 r  clk (IN)
                         net (fo=0)                   0.000     0.000    clk
    E3                   IBUF (Prop_ibuf_I_O)         0.445     0.445 r  clk_IBUF_inst/O
                         net (fo=1, routed)           0.685     1.129    clk_IBUF
    BUFGCTRL_X0Y16       BUFG (Prop_bufg_I_O)         0.029     1.158 r  clk_IBUF_BUFG_inst/O
                         net (fo=330, routed)         0.859     2.017    DISPLAY_DRIVER_0/clock_1/CLK
    SLICE_X1Y31          FDRE                                         r  DISPLAY_DRIVER_0/clock_1/ce_reg/C

Slack:                    inf
  Source:                 btnc
                            (input port)
  Destination:            DISPLAY_DRIVER_0/counter_1/sig_cnt_reg[0]/R
                            (rising edge-triggered cell FDRE clocked by sys_clk_pin  {rise@0.000ns fall@5.000ns period=10.000ns})
  Path Group:             (none)
  Path Type:              Hold (Min at Fast Process Corner)
  Data Path Delay:        0.683ns  (logic 0.238ns (34.890%)  route 0.445ns (65.110%))
  Logic Levels:           1  (IBUF=1)
  Clock Path Skew:        2.017ns (DCD - SCD - CPR)
    Destination Clock Delay (DCD):    2.017ns
    Source Clock Delay      (SCD):    0.000ns
    Clock Pessimism Removal (CPR):    -0.000ns

    Location             Delay type                Incr(ns)  Path(ns)    Netlist Resource(s)
  -------------------------------------------------------------------    -------------------
    N17                                               0.000     0.000 r  btnc (IN)
                         net (fo=0)                   0.000     0.000    btnc
    N17                  IBUF (Prop_ibuf_I_O)         0.238     0.238 r  btnc_IBUF_inst/O
                         net (fo=103, routed)         0.445     0.683    DISPLAY_DRIVER_0/counter_1/btnc_IBUF
    SLICE_X1Y31          FDRE                                         r  DISPLAY_DRIVER_0/counter_1/sig_cnt_reg[0]/R
  -------------------------------------------------------------------    -------------------

                         (clock sys_clk_pin rise edge)
                                                      0.000     0.000 r  
    E3                                                0.000     0.000 r  clk (IN)
                         net (fo=0)                   0.000     0.000    clk
    E3                   IBUF (Prop_ibuf_I_O)         0.445     0.445 r  clk_IBUF_inst/O
                         net (fo=1, routed)           0.685     1.129    clk_IBUF
    BUFGCTRL_X0Y16       BUFG (Prop_bufg_I_O)         0.029     1.158 r  clk_IBUF_BUFG_inst/O
                         net (fo=330, routed)         0.859     2.017    DISPLAY_DRIVER_0/counter_1/CLK
    SLICE_X1Y31          FDRE                                         r  DISPLAY_DRIVER_0/counter_1/sig_cnt_reg[0]/C





